https://twitter.com/FreenPiyo980808/status/1722200878135046365/analytics,128
https://twitter.com/ronaldo_mb_dhf/status/1722188943045939224/analytics,4.6K
https://twitter.com/crazy_uncle_gil/status/1719493574801408129/analytics,205K
https://twitter.com/55Bellechasse/status/1722164126351270091/analytics,38K
https://twitter.com/RealMrumaDrive/status/1722186364454621528/analytics,13K
https://twitter.com/IffatTahir44327/status/1722194974958338514/analytics,265
https://twitter.com/punk6529/status/1722200739018420674/analytics,1.2K
https://twitter.com/miahdogtags/status/1696818418341786062/analytics,420K
https://twitter.com/miahdogtags/status/1696818418341786062/analytics,420K
https://twitter.com/GenshinImpactOC/status/1722184986428690810/analytics,69K
https://twitter.com/ViralistMemes/status/1722192237054796273/analytics,279
https://twitter.com/dhillow2_/status/1722182766412923160/analytics,691
https://twitter.com/gtag_media/status/1722136719003152875/analytics,100K
https://twitter.com/TS_WorldTravel/status/1698348119925100978/analytics,103K
https://twitter.com/memenist_/status/1722146421288341581/analytics,54K
https://twitter.com/teyvattabloid/status/1722199615855083728/analytics,2.9K
https://twitter.com/teyvattabloid/status/1722199615855083728/analytics,4K
https://twitter.com/provii8/status/1722192420857602232/analytics,5.4K
https://twitter.com/DeanBurkey/status/1722201729473896833/analytics,1
https://twitter.com/LIGHtkira52/status/1722192942134362486/analytics,1.6K
https://twitter.com/GilbertCollard/status/1722158075874820248/analytics,27K
https://twitter.com/kappasuikaaa/status/1722198235656204408/analytics,158
https://twitter.com/DanielLam114338/status/1722200848552653074/analytics,184
https://twitter.com/kappasuikaaa/status/1722197459743780914/analytics,148
https://twitter.com/takosin/status/1722195110535074170/analytics,868
https://twitter.com/JAMESEENYE/status/1722201479161983404/analytics,16
https://twitter.com/takosin/status/1722195110535074170/analytics,868
https://twitter.com/JAMESEENYE/status/1722201479161983404/analytics,16
https://twitter.com/Geeky_Base/status/1721971039939240244/analytics,21
https://twitter.com/thv_thv_t/status/1722126623141482679/analytics,941
https://twitter.com/TristanTap_inF1/status/1722178375953822175/analytics,11K
https://twitter.com/NBAMemes/status/1722138595748900914/analytics,105K
https://twitter.com/1KeN_gaza/status/1722191359082168479/analytics,482
https://twitter.com/ParentsGazette/status/1721916953244168316/analytics,183
https://twitter.com/Afia_Dimple/status/1722195533446643898/analytics,1.1K
https://twitter.com/SussySpong3/status/1722188372641190017/analytics,186
https://twitter.com/Afia_Dimple/status/1722195533446643898/analytics,1.1K
https://twitter.com/SussySpong3/status/1722188372641190017/analytics,186
https://twitter.com/DogsRock49/status/1722123194528895252/analytics,3.6K
https://twitter.com/sacabamfun/status/1722146593263276212/analytics,1.3K
https://twitter.com/Geeky_Base/status/1721956195068411916/analytics,1.3K
https://twitter.com/nyaaaaati/status/1722194502302236737/analytics,1.2K
https://twitter.com/thatboymoh/status/1722192829815091332/analytics,262
https://twitter.com/BillyPangkey/status/1722195731925348777/analytics,701
https://twitter.com/f_philippot/status/1722172488937775310/analytics,18K
https://twitter.com/Dat_Calabar_Boy/status/1722189870167097510/analytics,1.1K
https://twitter.com/f_philippot/status/1722172488937775310/analytics,18K
https://twitter.com/Dat_Calabar_Boy/status/1722189870167097510/analytics,1.1K
https://twitter.com/StayTishaa/status/1722181212700381680/analytics,1.8K
https://twitter.com/Georges73922577/status/1722148319282000191/analytics,3.7K
https://twitter.com/ChdOrnellas/status/1722193142231847181/analytics,5K
https://twitter.com/purpIeorchids/status/1722182125640970284/analytics,895
https://twitter.com/AsiimwePriz/status/1722202170756595812/analytics,2
https://twitter.com/PostTechSoFi/status/1722194068808327610/analytics,1.6K
https://twitter.com/sulkingpoet_/status/1722202553512050772/analytics,
https://twitter.com/UranusMissouri/status/1712120872398475727/analytics,1.1M
https://twitter.com/sulkingpoet_/status/1722202553512050772/analytics,
https://twitter.com/UranusMissouri/status/1712120872398475727/analytics,1.1M
https://twitter.com/AshishSinghKiJi/status/1722145273114251442/analytics,53K
https://twitter.com/S1LLYBUGX33/status/1722202597959057459/analytics,
https://twitter.com/draingardens/status/1722197447324430433/analytics,548
https://twitter.com/Omega_mkIII/status/1722160352928977349/analytics,7.6K
https://twitter.com/Necrolicious/status/1720334998480257477/analytics,6.7K
https://twitter.com/kappasuikaaa/status/1722200606109290700/analytics,57
https://twitter.com/Kettavan__Memes/status/1722167673935843685/analytics,7.6K
https://twitter.com/CngMnhNguyn4/status/1722190736735846554/analytics,167
https://twitter.com/tommychong/status/1711155007813529982/analytics,994K
https://twitter.com/elbrdd/status/1722181161001058772/analytics,17K
https://twitter.com/wisdomkod/status/1722191237392822321/analytics,987
https://twitter.com/EllyMemes_/status/1722187043143307361/analytics,337
https://twitter.com/GEN1_11/status/1722182043285549386/analytics,1.7K
https://twitter.com/phucduy46/status/1722171462046621943/analytics,340
https://twitter.com/GEN1_11/status/1722182043285549386/analytics,1.7K
https://twitter.com/phucduy46/status/1722171462046621943/analytics,340
https://twitter.com/Egg_irl_bot/status/1722131559183003655/analytics,2.9K
https://twitter.com/MemeAllianceFPS/status/1722199101448819030/analytics,74
https://twitter.com/TvlCampagnol/status/1722179480062497175/analytics,4.8K
https://twitter.com/lovej_34567/status/1722157946942173471/analytics,398
https://twitter.com/MannMastMagan_/status/1722174535703949658/analytics,1.6K
https://twitter.com/semestastellar/status/1722201613648142401/analytics,45
https://twitter.com/akincitoo/status/1722184154207424804/analytics,358
https://twitter.com/semestastellar/status/1722201613648142401/analytics,45
https://twitter.com/akincitoo/status/1722184154207424804/analytics,358
https://twitter.com/Miahcombatcom/status/1720408369616527465/analytics,10K
https://twitter.com/StayTishaa/status/1722179497376743841/analytics,2.1K
https://twitter.com/DemiFeind97/status/1722166509202522177/analytics,886
https://twitter.com/0xRadar/status/1722180906713034766/analytics,1.4K
https://twitter.com/froggybsc/status/1722163079763648963/analytics,869
https://twitter.com/ger_service/status/1700509614528213349/analytics,435K
https://twitter.com/SharonH53048/status/1722199123007541758/analytics,1.4K
