https://twitter.com/tim_cook/status/1723558744028803223,1.1M
https://twitter.com/WojPawelczyk/status/1723685665928339716,309
https://twitter.com/FabrizioRomano/status/1723442498192711859,13M
https://twitter.com/claudiamconwayy/status/1723629426469192127,59K
https://twitter.com/TheLexiCiccone/status/1723588336890036603,10K
https://twitter.com/dbongino/status/1723676927406293198,64K
https://twitter.com/atensnut/status/1723687237424980433,1.3K
https://twitter.com/TulsiGabbard/status/1723631293202944214,71K
https://twitter.com/jsolomonReports/status/1723658303169798268,17K
https://twitter.com/KariLake/status/1723608433675665717,79K
https://twitter.com/cstanley/status/1722284448392393100,166K
https://twitter.com/elonmusk/status/1722293404950741085,131K
https://twitter.com/TalulahRiley/status/1723487889554616698,58K
https://twitter.com/FoxBusiness/status/1723680371676475855,3K
https://twitter.com/Thompsonklay/status/1723644692401946852,414
https://twitter.com/nypost/status/1723657166366617667,54K
https://twitter.com/sberens1/status/1702007963089780872,10K
https://twitter.com/CODUpdates/status/1723411177898692611,2.4M
https://twitter.com/gunsnrosesgirl3/status/1723614460529549664,1.8M
https://twitter.com/BasedBeffJezos/status/1723678256774426820,1.9K
https://twitter.com/TheEconomist/status/1723631439902576958,69K
https://twitter.com/RealStevefriend/status/1723663756180304372,5.6K
https://twitter.com/FoxBusiness/status/1723631897249472887,4K
https://twitter.com/dbongino/status/1723677250480951452,36K
https://twitter.com/FoxNews/status/1723675820277797356,55K
https://twitter.com/KariLake/status/1723557233110511640,137K
https://twitter.com/NEWSMAX/status/1723664437423624248,26K
https://twitter.com/nypost/status/1723679812424790105,16K
https://twitter.com/RealHickory/status/1723668908178018421,442
https://twitter.com/pronounced_kyle/status/1723448013463728237,15K
https://twitter.com/BigFish3000/status/1723671587755327844,3.5K
https://twitter.com/vocalcry/status/1723371631920206015,33K
https://twitter.com/dbongino/status/1723681417417113804,23K
https://twitter.com/shauseth/status/1723634986560196982,2.9K
https://twitter.com/kacdnp91/status/1723334819407684031,1.5K
https://twitter.com/NEWSMAX/status/1723687129166049382,2.5K
https://twitter.com/FoxBusiness/status/1723648124474794350,8.3K
https://twitter.com/EconUS/status/1723673428903842248,928
https://twitter.com/Kevin_McKernan/status/1723547404081803310,23K
https://twitter.com/jsolomonReports/status/1723684822231474387,4K
https://twitter.com/charlieINTEL/status/1723383321307005216,2.3M
https://twitter.com/FoxNews/status/1723631651631034694,98K
https://twitter.com/nypost/status/1723672258806182400,18K
https://twitter.com/NEWSMAX/status/1723679543490416660,14K
https://twitter.com/FoxBusiness/status/1723664488790913260,3.9K
https://twitter.com/SOMD_STEM/status/1723688134687240358,2
https://twitter.com/WholeMarsBlog/status/1723651875084660938,24K
https://twitter.com/shundeshagen/status/1723653103289848202,599
https://twitter.com/WholeMarsBlog/status/1723648122159824912,58K
https://twitter.com/Xenius101/status/1723649150107914573,497
https://twitter.com/FoxNews/status/1723684829152034989,19K
https://twitter.com/MrFiddyMillion/status/1723377492541489656,182
https://twitter.com/RealBrysonGray/status/1723396459372900755,24K
https://twitter.com/ScottHageman11/status/1723398787480096852,187
https://twitter.com/WholeMarsBlog/status/1723666576887685151,11K
https://twitter.com/MrAaronMoy/status/1723666851027140787,146
https://twitter.com/nypost/status/1723664703384072457,19K
https://twitter.com/SharylAttkisson/status/1723389198634299612,11K
https://twitter.com/SharylAttkisson/status/1723389198634299612,11K
https://twitter.com/sandman5962/status/1723391094275133736,57
https://twitter.com/kirawontmiss/status/1723534831508750619,2M
https://twitter.com/FoxNews/status/1723680337933312493,31K
https://twitter.com/TheEconomist/status/1723685328764989509,19K
https://twitter.com/KyleSeraphin/status/1723382793428676611,50K
https://twitter.com/shellenberger/status/1723493811119067611,256K
https://twitter.com/EvaFoxU/status/1723465967315882050,69K
https://twitter.com/KaleiRenay/status/1723489221623587125,381K
https://twitter.com/nypost/status/1723633072820666456,25K
https://twitter.com/nypost/status/1723633072820666456,25K
https://twitter.com/dogeofficialceo/status/1723340305171091825,71K
https://twitter.com/hodgetwins/status/1723355794622607388,106K
https://twitter.com/FoxNews/status/1723358646912856433,193K
https://twitter.com/jsolomonReports/status/1723688645557711006,48
https://twitter.com/VernonForGA/status/1723360948109430901,18K
https://twitter.com/ModernWarzone/status/1723372808590282818,1.1M
https://twitter.com/nypost/status/1723648977621389640,16K
https://twitter.com/ThePlanetaryGuy/status/1723479334516658208,13K
https://twitter.com/FoxNews/status/1723659200998351104,51K
https://twitter.com/jsolomonReports/status/1723331193876213961,25K
https://twitter.com/nypost/status/1723619426396750311,16K
https://twitter.com/FoxNews/status/1723642557089865820,51K
https://twitter.com/nypost/status/1723626952274161863,21K
https://twitter.com/TheEconomist/status/1723671242719281237,43K
https://twitter.com/ArtChicken4/status/1723686840912183400,85
https://twitter.com/FoxNews/status/1723620381720805730,82K
https://twitter.com/SmokeAwayyy/status/1723616553424531681,4.2K
https://twitter.com/gunsnrosesgirl3/status/1723457268887306737,5.2M
https://twitter.com/nypost/status/1723687355456872601,3.3K
https://twitter.com/WR4NYGov/status/1723631117541003560,2.6K
https://twitter.com/CultureCrave/status/1723454165631095120,3.7M
https://twitter.com/TeslaJoy/status/1723662605800337840,728
https://twitter.com/FoxNews/status/1723648073585283191,48K
https://twitter.com/jessica_kirsh/status/1723604209004667336,5.2K
https://twitter.com/alex_avoigt/status/1723548301239234633,12K
https://twitter.com/FoxNews/status/1723666716926919151,48K
https://twitter.com/imPenny2x/status/1723508478352986222,115K
https://twitter.com/scubaryan_/status/1723547812346974647,789K
https://twitter.com/nypost/status/1723683637097337251,8.5K
https://twitter.com/kacdnp91/status/1723418076082004028,5.2K
https://twitter.com/paulg/status/1723639339551232452,119K
https://twitter.com/NotMikeHarlow/status/1723553343509848559,1.9K
https://twitter.com/FoxNews/status/1723614907243860396,48K
https://twitter.com/kacdnp91/status/1723389029125869754,11K
https://twitter.com/allgarbled/status/1723536799807709525,2.3K
https://twitter.com/WholeMarsBlog/status/1723615364402332073,14K
https://twitter.com/JesslovesMJK/status/1723619746913161441,2.4K
https://twitter.com/TheEconomist/status/1723635501351981362,74K
https://twitter.com/nypost/status/1723616556574224464,14K
https://twitter.com/nypost/status/1723663743492514218,18K
https://twitter.com/gunsnrosesgirl3/status/1723618135943618856,87K
https://twitter.com/dogeofficialceo/status/1723404067379011818,68K
https://twitter.com/charlieINTEL/status/1723407185860833324,1M
https://twitter.com/TheEconomist/status/1723638285254205895,63K
https://twitter.com/ModernWarzone/status/1723520560330682855,1.4M
https://twitter.com/SneakerNyame_/status/1723601473945076158,13K
https://twitter.com/TheEconomist/status/1723623688606494900,62K
https://twitter.com/teslius/status/1723618223231553713,188
https://twitter.com/Niki_eusou/status/1723677054262997211,302
https://twitter.com/starrettjason/status/1723546349671461350,40K
https://twitter.com/TheEconomist/status/1723659141602775319,50K
https://twitter.com/TheEconomist/status/1723685582478438609,22K
https://twitter.com/tv3_ghana/status/1723601881690235150,109K
https://twitter.com/TheEconomist/status/1723642497522335789,50K
https://twitter.com/TheEconomist/status/1723669728630018073,45K
https://twitter.com/nypost/status/1723679659953447046,10K
https://twitter.com/cb_doge/status/1723598358743302382,7.3M
https://twitter.com/charlieINTEL/status/1723444841944600673,1M
https://twitter.com/TheEconomist/status/1723633251011399858,52K
https://twitter.com/OvOBrezzzy/status/1723528352735080641,4.2M
https://twitter.com/TSLAFanMtl/status/1723366607974473884,45K
https://twitter.com/Dexerto/status/1723381785948524919,1.7M
https://twitter.com/TheEconomist/status/1723685099416281314,22K
https://twitter.com/MrDalekJD/status/1723381502455505048,786K
https://twitter.com/TheEconomist/status/1723675541830529334,44K
https://twitter.com/xlr8harder/status/1723655819584041233,1.7K
https://twitter.com/DameScorpio/status/1723668378076803506,1.8K
https://twitter.com/Dronebe99427933/status/1723377596786708880,43
https://twitter.com/NEWSMAX/status/1723626721193369859,20K
https://twitter.com/WarzoneIntel/status/1723446814257352831,463K
https://twitter.com/NEWSMAX/status/1723649341779578914,19K
https://twitter.com/MtStHelensWA/status/1723482597257588783,271K
https://twitter.com/michaelsrockets/status/1723434011559649481,6.2K
https://twitter.com/AstoundingSwift/status/1723537348724511181,407K
https://twitter.com/NEWSMAX/status/1723672016027611464,16K
https://twitter.com/TheEconomist/status/1723664380133318956,45K
https://twitter.com/ryanjaycowan/status/1723651947687989544,2.9K
https://twitter.com/enlightnup/status/1723668567932227946,381
https://twitter.com/TheEconomist/status/1723677782574592319,40K
https://twitter.com/ModernWarzone/status/1723634183858274719,128K
https://twitter.com/Reidboy24/status/1723529881554714728,288K
https://twitter.com/charlieINTEL/status/1723402172916785470,1.3M
https://twitter.com/FootbaIIism/status/1723371254911008857,7M
https://twitter.com/NEWSMAX/status/1723634240112472301,17K
https://twitter.com/AsieduMends/status/1723610263444721746,51K
https://twitter.com/eliteobsolete/status/1723663035124855164,2K
https://twitter.com/CookedByLane/status/1723419437288604001,2.3M
https://twitter.com/NEWSMAX/status/1723656890671091908,18K
https://twitter.com/WarzoneIntel/status/1723331589050917196,1.2M
https://twitter.com/PapiBack/status/1723559177614729724,1.5M
https://twitter.com/astro_greek/status/1723641137775173917,34K
https://twitter.com/NEWSMAX/status/1723339801120920029,32K
https://twitter.com/ToddHeadleeAZ/status/1723514530406305960,3.9K
https://twitter.com/jordy2d_/status/1723399080947187986,344K
https://twitter.com/kwadwosheldon/status/1723621034941640932,60K
https://twitter.com/_lindslayyyyy/status/1723555096099746035,193K
https://twitter.com/Blackmillions_/status/1723419444871827766,5M
https://twitter.com/_rykllan/status/1723643083399532702,2.1K
https://twitter.com/TheEconomist/status/1723677038437949453,41K
https://twitter.com/Gyakie_/status/1723660249356189993,65K
https://twitter.com/honkenagy/status/1723630869045293141,36K
https://twitter.com/Berlinergy/status/1723603127822156016,1.6K
https://twitter.com/nypost/status/1723676303579083111,12K
https://twitter.com/bfromthesea/status/1723374940357812259,6.2M
https://twitter.com/kazumaji88/status/1723495998851276881,24K
https://twitter.com/EiiScanty/status/1723644836320854114,35K
https://twitter.com/TheEconomist/status/1723675541251801220,40K
https://twitter.com/stonebwoy/status/1723528460579016786,79K
https://twitter.com/_owurakuampofo/status/1723658291891351804,30K
https://twitter.com/saccadicmaniac/status/1723515083240645006,129
https://twitter.com/drsimonegold/status/1723357920354525462,110K
https://twitter.com/MdBreathe/status/1723363685052076058,43K
https://twitter.com/DrTessaT/status/1723484627787211187,227
https://twitter.com/TheEconomist/status/1723672766023344550,43K
https://twitter.com/kirawontmiss/status/1723416610159898958,2.2M
https://twitter.com/charlieINTEL/status/1723435444652687621,936K
https://twitter.com/NEWSMAX/status/1723332250740433210,38K
https://twitter.com/enriquebrgn/status/1723439473437110470,19K
https://twitter.com/Amerado_Burner/status/1723657664268267939,15K
https://twitter.com/Dani_danibr/status/1723652154093662232,566
https://twitter.com/TheEconomist/status/1723646838283153806,53K
https://twitter.com/kwadwosheldon/status/1723615844947636320,83K
https://twitter.com/XochitlGalvez/status/1723505754580058369,188K
https://twitter.com/TheEconomist/status/1723626447829413983,48K
https://twitter.com/PopCrave/status/1723435785376940062,4.9M
https://twitter.com/folklaura_/status/1723575139009208495,267K
https://twitter.com/everymovieplug/status/1723353576846643419,862K
https://twitter.com/WholeMarsBlog/status/1723664497960005954,5.1K
https://twitter.com/DavidPramo2/status/1723528184204042442,8.8K
https://twitter.com/WholeMarsBlog/status/1723659838587339106,5.1K
https://twitter.com/FinFlagship/status/1723660356101287989,89
https://twitter.com/TheEconomist/status/1723675541251801220,41K
https://twitter.com/SneakerNyame_/status/1723595528724680878,24K
https://twitter.com/MrTLexify/status/1723415679687426139,677K
https://twitter.com/Yoda4ever/status/1723395161177129116,2.1M
https://twitter.com/SpaceAbhi/status/1723503278867235038,7.5K
https://twitter.com/WholeMarsBlog/status/1723664497960005954,5.1K
https://twitter.com/Patrick_Nealis/status/1723583203263361242,630
https://twitter.com/SHGames/status/1723499430618243394,289K
https://twitter.com/Wiyaala/status/1723642199873618390,21K
https://twitter.com/RobbieBarstool/status/1723552606490960343,2.4M
https://twitter.com/ExoGhost/status/1723346467203502345,1.2M
https://twitter.com/WholeMarsBlog/status/1723663398582604193,5.3K
https://twitter.com/kwadwosheldon/status/1723626256325902427,142K
https://twitter.com/heisrema/status/1723328190825820230,1M
https://twitter.com/Kayjnr10/status/1723632314683453483,43K
https://twitter.com/sippingaugust/status/1723547883218288778,694K
https://twitter.com/teslajapan/status/1723644382346465414,12K
https://twitter.com/featurespice/status/1723417047508410390,2.4M
https://twitter.com/WholeMarsBlog/status/1723632619269820710,12K
https://twitter.com/swifferupdates/status/1723599891614642404,218K
https://twitter.com/quitachie/status/1723597049050870247,27K
https://twitter.com/dogetipping/status/1723429862453690869,198
https://twitter.com/Erdayastronaut/status/1723461511648051594,170K
https://twitter.com/meepmeep1024901/status/1723528833490411526,155
https://twitter.com/alx/status/1723541824977977504,117K
https://twitter.com/jasrifootball/status/1723448677019111692,2.2M
https://twitter.com/ArashMarkazi/status/1723538353474208202,631K
https://twitter.com/sinoUFC/status/1723374568478228646,1.7M
https://twitter.com/abena_mooley/status/1723612389898162377,109K
https://twitter.com/ScottBarrettDFB/status/1723409829526479256,2.5M
https://twitter.com/barstoolsports/status/1723470635542688135,2.2M
https://twitter.com/kwadwosheldon/status/1723619222784258514,145K
https://twitter.com/DailyLoud/status/1723483158648152232,5.8M
https://twitter.com/Bornakang/status/1723452757854523440,3.3M
https://twitter.com/kirawontmiss/status/1723556334136672359,4M
https://twitter.com/the_marcoli_boy/status/1723618721887862880,53K
https://twitter.com/FoxNews/status/1723509910200025118,139K
https://twitter.com/cb_doge/status/1723451996076646552,105K
https://twitter.com/barstoolsports/status/1723427872394604592,990K
https://twitter.com/DiscussingFilm/status/1723372318724956417,12M
https://twitter.com/BaseballQuotes1/status/1723351171044106666,2M
https://twitter.com/barstoolsports/status/1723427872394604592,990K
https://twitter.com/DiscussingFilm/status/1723372318724956417,12M
https://twitter.com/BaseballQuotes1/status/1723351171044106666,2M
https://twitter.com/jasrifootball/status/1723541928606572935,2.7M
https://twitter.com/thejefflutz/status/1723331097394634949,26K
https://twitter.com/NFLRookieWatxh/status/1723513650214826192,1M
https://twitter.com/barstoolsports/status/1723573830071861350,2.1M
https://twitter.com/ayeejuju/status/1723540805607125104,11M
https://twitter.com/NFLRookieWatxh/status/1723513650214826192,1M
https://twitter.com/barstoolsports/status/1723573830071861350,2.1M
https://twitter.com/ayeejuju/status/1723540805607125104,11M
https://twitter.com/christianllamar/status/1723684895686590768,266
https://twitter.com/christianllamar/status/1723689749012176967,59
https://twitter.com/JessieJaneDuff/status/1723533276919615711,18K
https://twitter.com/alex_avoigt/status/1723560173954879693,9K
https://twitter.com/LidiaNews/status/1723539534523039871,2K
https://twitter.com/Nghiemduy84/status/1723374698002612612,66K
https://twitter.com/SupariKhan/status/1723633887715471446,11K
https://twitter.com/MdBreathe/status/1722074569597464856,110K
https://twitter.com/ChiangLichi/status/1723387102203990211,10
https://twitter.com/WholeMarsBlog/status/1723662128861839528,7.6K
https://twitter.com/alebusinesss/status/1723662853024989355,113
https://twitter.com/AsieduMends/status/1723671392841769408,22K
https://twitter.com/Cuauhtemoc_1521/status/1723469913296175122,40K
https://twitter.com/the_marcoli_boy/status/1723616283399208987,56K
https://twitter.com/EvasTeslaSPlaid/status/1723536961745432898,11K
https://twitter.com/WR4NYGov/status/1723565208101400924,4.1K
https://twitter.com/Cantguardmike/status/1723345146912158183,3M
https://twitter.com/rizuNM/status/1723431271303696454,4.8M
https://twitter.com/the_marcoli_boy/status/1723616969163710742,19K
https://twitter.com/LeahCheshier/status/1723490304626438585,9.5K
https://twitter.com/teslaownersSV/status/1723589445776208175,14K
https://twitter.com/remaxbrianwilks/status/1723591392864477313,228
https://twitter.com/TeslaJoy/status/1723575844592087395,101K
https://twitter.com/WalshFreedom/status/1723060764829741186,305K
https://twitter.com/MdBreathe/status/1723559159369548227,886
https://twitter.com/JMB0032/status/1723564213262500200,47
https://twitter.com/amuse/status/1723504092197134560,1.8K
https://twitter.com/Rainmaker1973/status/1723611494623965547,381K
https://twitter.com/Teslaconomics/status/1723503237347901461,888K
https://twitter.com/amuse/status/1723504092197134560,1.8K
https://twitter.com/Rainmaker1973/status/1723611494623965547,381K
https://twitter.com/Teslaconomics/status/1723503237347901461,888K
https://twitter.com/amuse/status/1723504092197134560,1.8K
https://twitter.com/Rainmaker1973/status/1723611494623965547,381K
https://twitter.com/Teslaconomics/status/1723503237347901461,888K
https://twitter.com/amuse/status/1723504092197134560,1.8K
https://twitter.com/Rainmaker1973/status/1723611494623965547,381K
https://twitter.com/Teslaconomics/status/1723503237347901461,888K
https://twitter.com/amuse/status/1723504092197134560,1.8K
https://twitter.com/Rainmaker1973/status/1723611494623965547,382K
https://twitter.com/Teslaconomics/status/1723503237347901461,888K
https://twitter.com/amuse/status/1723504092197134560,1.8K
https://twitter.com/Rainmaker1973/status/1723611494623965547,382K
https://twitter.com/Teslaconomics/status/1723503237347901461,888K
https://twitter.com/amuse/status/1723504092197134560,1.8K
https://twitter.com/Rainmaker1973/status/1723611494623965547,383K
https://twitter.com/Teslaconomics/status/1723503237347901461,888K
https://twitter.com/amuse/status/1723504092197134560,1.8K
https://twitter.com/Rainmaker1973/status/1723611494623965547,383K
https://twitter.com/Teslaconomics/status/1723503237347901461,888K
https://twitter.com/amuse/status/1723504092197134560,1.8K
https://twitter.com/Rainmaker1973/status/1723611494623965547,385K
https://twitter.com/Teslaconomics/status/1723503237347901461,888K
https://twitter.com/amuse/status/1723504092197134560,1.8K
https://twitter.com/Rainmaker1973/status/1723611494623965547,385K
https://twitter.com/Teslaconomics/status/1723503237347901461,888K
https://twitter.com/amuse/status/1723504092197134560,1.8K
https://twitter.com/Rainmaker1973/status/1723611494623965547,385K
https://twitter.com/Teslaconomics/status/1723503237347901461,888K
https://twitter.com/WholeMarsBlog/status/1723214513812770859,182K
https://twitter.com/cstanley/status/1723571682710106443,430
https://twitter.com/MdBreathe/status/1723350469093855585,308K
https://twitter.com/beefortruth2/status/1723351897719886273,343
https://twitter.com/MonicaCrowley/status/1723540584814535147,49K
https://twitter.com/Erdayastronaut/status/1723461511648051594,171K
https://twitter.com/Monty_G_HV/status/1723472469980250446,391
https://twitter.com/MonicaCrowley/status/1723540584814535147,49K
https://twitter.com/Erdayastronaut/status/1723461511648051594,171K
https://twitter.com/Monty_G_HV/status/1723472469980250446,391
https://twitter.com/WholeMarsBlog/status/1723651875084660938,26K
https://twitter.com/WholeMarsBlog/status/1723652741392969909,6.2K
https://twitter.com/lovetesla2030/status/1723653487186022474,84
https://twitter.com/MonicaCrowley/status/1723540584814535147,49K
https://twitter.com/Erdayastronaut/status/1723461511648051594,171K
https://twitter.com/Monty_G_HV/status/1723472469980250446,391
https://twitter.com/WholeMarsBlog/status/1723651875084660938,26K
https://twitter.com/WholeMarsBlog/status/1723652741392969909,6.2K
https://twitter.com/lovetesla2030/status/1723653487186022474,84
https://twitter.com/MonicaCrowley/status/1723540584814535147,49K
https://twitter.com/Erdayastronaut/status/1723461511648051594,171K
https://twitter.com/Monty_G_HV/status/1723472469980250446,391
https://twitter.com/WholeMarsBlog/status/1723651875084660938,26K
https://twitter.com/WholeMarsBlog/status/1723652741392969909,6.2K
https://twitter.com/lovetesla2030/status/1723653487186022474,84
https://twitter.com/MonicaCrowley/status/1723540584814535147,49K
https://twitter.com/Erdayastronaut/status/1723461511648051594,171K
https://twitter.com/Monty_G_HV/status/1723472469980250446,391
https://twitter.com/WholeMarsBlog/status/1723651875084660938,26K
https://twitter.com/WholeMarsBlog/status/1723652741392969909,6.2K
https://twitter.com/lovetesla2030/status/1723653487186022474,84
https://twitter.com/MonicaCrowley/status/1723540584814535147,49K
https://twitter.com/Erdayastronaut/status/1723461511648051594,171K
https://twitter.com/Monty_G_HV/status/1723472469980250446,391
https://twitter.com/WholeMarsBlog/status/1723651875084660938,26K
https://twitter.com/WholeMarsBlog/status/1723652741392969909,6.2K
https://twitter.com/lovetesla2030/status/1723653487186022474,84
https://twitter.com/MonicaCrowley/status/1723540584814535147,49K
https://twitter.com/Erdayastronaut/status/1723461511648051594,171K
https://twitter.com/Monty_G_HV/status/1723472469980250446,391
https://twitter.com/WholeMarsBlog/status/1723651875084660938,26K
https://twitter.com/WholeMarsBlog/status/1723652741392969909,6.2K
https://twitter.com/lovetesla2030/status/1723653487186022474,84
https://twitter.com/MonicaCrowley/status/1723540584814535147,49K
https://twitter.com/Erdayastronaut/status/1723461511648051594,171K
https://twitter.com/Monty_G_HV/status/1723472469980250446,391
https://twitter.com/WholeMarsBlog/status/1723651875084660938,26K
https://twitter.com/WholeMarsBlog/status/1723652741392969909,6.2K
https://twitter.com/lovetesla2030/status/1723653487186022474,84
https://twitter.com/MonicaCrowley/status/1723540584814535147,49K
https://twitter.com/Erdayastronaut/status/1723461511648051594,171K
https://twitter.com/Monty_G_HV/status/1723472469980250446,391
https://twitter.com/WholeMarsBlog/status/1723651875084660938,26K
https://twitter.com/WholeMarsBlog/status/1723652741392969909,6.2K
https://twitter.com/lovetesla2030/status/1723653487186022474,84
https://twitter.com/MonicaCrowley/status/1723540584814535147,49K
https://twitter.com/Erdayastronaut/status/1723461511648051594,171K
https://twitter.com/Monty_G_HV/status/1723472469980250446,391
https://twitter.com/WholeMarsBlog/status/1723651875084660938,26K
https://twitter.com/WholeMarsBlog/status/1723652741392969909,6.2K
https://twitter.com/lovetesla2030/status/1723653487186022474,84
https://twitter.com/MonicaCrowley/status/1723540584814535147,49K
https://twitter.com/Erdayastronaut/status/1723461511648051594,171K
https://twitter.com/Monty_G_HV/status/1723472469980250446,391
https://twitter.com/WholeMarsBlog/status/1723651875084660938,26K
https://twitter.com/WholeMarsBlog/status/1723652741392969909,6.2K
https://twitter.com/lovetesla2030/status/1723653487186022474,84
https://twitter.com/MonicaCrowley/status/1723540584814535147,49K
https://twitter.com/Erdayastronaut/status/1723461511648051594,171K
https://twitter.com/Monty_G_HV/status/1723472469980250446,391
https://twitter.com/WholeMarsBlog/status/1723651875084660938,26K
https://twitter.com/WholeMarsBlog/status/1723652741392969909,6.2K
https://twitter.com/lovetesla2030/status/1723653487186022474,84
https://twitter.com/MonicaCrowley/status/1723540584814535147,49K
https://twitter.com/Erdayastronaut/status/1723461511648051594,171K
https://twitter.com/Monty_G_HV/status/1723472469980250446,391
https://twitter.com/WholeMarsBlog/status/1723651875084660938,26K
https://twitter.com/WholeMarsBlog/status/1723652741392969909,6.2K
https://twitter.com/lovetesla2030/status/1723653487186022474,84
https://twitter.com/MrRoflWaffles/status/1723384328086831209,1.7M
https://twitter.com/WholeMarsBlog/status/1723214513812770859,182K
https://twitter.com/TSLAgang/status/1723434868594418082,450
https://twitter.com/hw_floyd/status/1723369365075058964,54K
https://twitter.com/gavinmchughh/status/1723460390691258474,3M
https://twitter.com/SteveInmanUIC/status/1723514534437023756,144K
https://twitter.com/TheXclusiveAce/status/1723409523929727304,575K
https://twitter.com/thenanaaba/status/1723678353742319650,19K
https://twitter.com/The_Trump_Train/status/1723541924462702840,33K
https://twitter.com/dankestxknight/status/1723351814177710170,567K
https://twitter.com/dankestxknight/status/1723351814177710170,567K
https://twitter.com/BleacherReport/status/1723480989857710220,2.4M
https://twitter.com/BreitbartNews/status/1723475833233261048,34K
https://twitter.com/elconservador86/status/1723477406562840968,125
https://twitter.com/dankestxknight/status/1723351814177710170,567K
https://twitter.com/BleacherReport/status/1723480989857710220,2.4M
https://twitter.com/BreitbartNews/status/1723475833233261048,34K
https://twitter.com/elconservador86/status/1723477406562840968,125
https://twitter.com/dankestxknight/status/1723351814177710170,567K
https://twitter.com/BleacherReport/status/1723480989857710220,2.4M
https://twitter.com/BreitbartNews/status/1723475833233261048,34K
https://twitter.com/elconservador86/status/1723477406562840968,125
https://twitter.com/dankestxknight/status/1723351814177710170,567K
https://twitter.com/BleacherReport/status/1723480989857710220,2.4M
https://twitter.com/BreitbartNews/status/1723475833233261048,34K
https://twitter.com/elconservador86/status/1723477406562840968,125
https://twitter.com/dankestxknight/status/1723351814177710170,567K
https://twitter.com/BleacherReport/status/1723480989857710220,2.4M
https://twitter.com/BreitbartNews/status/1723475833233261048,34K
https://twitter.com/elconservador86/status/1723477406562840968,125
https://twitter.com/dankestxknight/status/1723351814177710170,567K
https://twitter.com/BleacherReport/status/1723480989857710220,2.4M
https://twitter.com/BreitbartNews/status/1723475833233261048,34K
https://twitter.com/elconservador86/status/1723477406562840968,125
https://twitter.com/dankestxknight/status/1723351814177710170,567K
https://twitter.com/BleacherReport/status/1723480989857710220,2.4M
https://twitter.com/BreitbartNews/status/1723475833233261048,34K
https://twitter.com/elconservador86/status/1723477406562840968,125
https://twitter.com/dankestxknight/status/1723351814177710170,568K
https://twitter.com/BleacherReport/status/1723480989857710220,2.4M
https://twitter.com/BreitbartNews/status/1723475833233261048,34K
https://twitter.com/elconservador86/status/1723477406562840968,125
https://twitter.com/dankestxknight/status/1723351814177710170,568K
https://twitter.com/BleacherReport/status/1723480989857710220,2.4M
https://twitter.com/BreitbartNews/status/1723475833233261048,34K
https://twitter.com/elconservador86/status/1723477406562840968,125
https://twitter.com/dankestxknight/status/1723351814177710170,568K
https://twitter.com/BleacherReport/status/1723480989857710220,2.4M
https://twitter.com/BreitbartNews/status/1723475833233261048,34K
https://twitter.com/elconservador86/status/1723477406562840968,125
https://twitter.com/dankestxknight/status/1723351814177710170,568K
https://twitter.com/BleacherReport/status/1723480989857710220,2.4M
https://twitter.com/BreitbartNews/status/1723475833233261048,34K
https://twitter.com/elconservador86/status/1723477406562840968,125
https://twitter.com/dankestxknight/status/1723351814177710170,568K
https://twitter.com/BleacherReport/status/1723480989857710220,2.4M
https://twitter.com/BreitbartNews/status/1723475833233261048,34K
https://twitter.com/elconservador86/status/1723477406562840968,125
https://twitter.com/dankestxknight/status/1723351814177710170,568K
https://twitter.com/BleacherReport/status/1723480989857710220,2.4M
https://twitter.com/BreitbartNews/status/1723475833233261048,34K
https://twitter.com/elconservador86/status/1723477406562840968,125
https://twitter.com/dankestxknight/status/1723351814177710170,568K
https://twitter.com/BleacherReport/status/1723480989857710220,2.4M
https://twitter.com/BreitbartNews/status/1723475833233261048,34K
https://twitter.com/elconservador86/status/1723477406562840968,125
https://twitter.com/dankestxknight/status/1723351814177710170,568K
https://twitter.com/BleacherReport/status/1723480989857710220,2.4M
https://twitter.com/BreitbartNews/status/1723475833233261048,34K
https://twitter.com/elconservador86/status/1723477406562840968,125
https://twitter.com/TheChiefNerd/status/1723542986183651497,38K
https://twitter.com/MCJTesla/status/1723555123899822336,37
https://twitter.com/Bengals/status/1723656888880169072,55K
https://twitter.com/torako778/status/1723343650867093804,825K
https://twitter.com/TheChiefNerd/status/1723542986183651497,38K
https://twitter.com/MCJTesla/status/1723555123899822336,37
https://twitter.com/Bengals/status/1723656888880169072,55K
https://twitter.com/torako778/status/1723343650867093804,825K
https://twitter.com/TheChiefNerd/status/1723542986183651497,38K
https://twitter.com/MCJTesla/status/1723555123899822336,37
https://twitter.com/Bengals/status/1723656888880169072,55K
https://twitter.com/torako778/status/1723343650867093804,825K
https://twitter.com/TheChiefNerd/status/1723542986183651497,38K
https://twitter.com/MCJTesla/status/1723555123899822336,37
https://twitter.com/Bengals/status/1723656888880169072,55K
https://twitter.com/torako778/status/1723343650867093804,826K
https://twitter.com/TheChiefNerd/status/1723542986183651497,38K
https://twitter.com/MCJTesla/status/1723555123899822336,37
https://twitter.com/Bengals/status/1723656888880169072,55K
https://twitter.com/torako778/status/1723343650867093804,826K
https://twitter.com/jsolomonReports/status/1723693466134216855,61
https://twitter.com/NEWSMAX/status/1723366227870110074,35K
https://twitter.com/jsolomonReports/status/1723693466134216855,61
https://twitter.com/NEWSMAX/status/1723366227870110074,35K
https://twitter.com/jsolomonReports/status/1723693466134216855,61
https://twitter.com/NEWSMAX/status/1723366227870110074,35K
https://twitter.com/jsolomonReports/status/1723693466134216855,61
https://twitter.com/NEWSMAX/status/1723366227870110074,35K
https://twitter.com/jsolomonReports/status/1723693466134216855,61
https://twitter.com/NEWSMAX/status/1723366227870110074,35K
https://twitter.com/jsolomonReports/status/1723693466134216855,61
https://twitter.com/NEWSMAX/status/1723366227870110074,35K
https://twitter.com/jsolomonReports/status/1723693466134216855,61
https://twitter.com/NEWSMAX/status/1723366227870110074,35K
https://twitter.com/jsolomonReports/status/1723693466134216855,362
https://twitter.com/NEWSMAX/status/1723366227870110074,35K
https://twitter.com/jsolomonReports/status/1723693466134216855,362
https://twitter.com/NEWSMAX/status/1723366227870110074,35K
https://twitter.com/FabrizioRomano/status/1723376073688088827,4.9M
https://twitter.com/WholeMarsBlog/status/1723648122159824912,64K
https://twitter.com/gcal2600/status/1723648612754956516,188
https://twitter.com/NEBASARK/status/1723657596777685130,44K
https://twitter.com/CryptidAnalysis/status/1723518628442657052,106K
https://twitter.com/hw_floyd/status/1723369365075058964,54K
https://twitter.com/NEBASARK/status/1723657596777685130,44K
https://twitter.com/CryptidAnalysis/status/1723518628442657052,106K
https://twitter.com/hw_floyd/status/1723369365075058964,54K
https://twitter.com/HelpMeRhondiUSA/status/1723370885208261096,21
https://twitter.com/NEBASARK/status/1723657596777685130,44K
https://twitter.com/CryptidAnalysis/status/1723518628442657052,106K
https://twitter.com/hw_floyd/status/1723369365075058964,54K
https://twitter.com/HelpMeRhondiUSA/status/1723370885208261096,21
https://twitter.com/NEBASARK/status/1723657596777685130,44K
https://twitter.com/CryptidAnalysis/status/1723518628442657052,106K
https://twitter.com/hw_floyd/status/1723369365075058964,54K
https://twitter.com/HelpMeRhondiUSA/status/1723370885208261096,21
https://twitter.com/NEBASARK/status/1723657596777685130,44K
https://twitter.com/CryptidAnalysis/status/1723518628442657052,106K
https://twitter.com/hw_floyd/status/1723369365075058964,54K
https://twitter.com/HelpMeRhondiUSA/status/1723370885208261096,21
https://twitter.com/NEBASARK/status/1723657596777685130,44K
https://twitter.com/CryptidAnalysis/status/1723518628442657052,106K
https://twitter.com/hw_floyd/status/1723369365075058964,54K
https://twitter.com/HelpMeRhondiUSA/status/1723370885208261096,21
https://twitter.com/NEBASARK/status/1723657596777685130,44K
https://twitter.com/CryptidAnalysis/status/1723518628442657052,106K
https://twitter.com/hw_floyd/status/1723369365075058964,54K
https://twitter.com/HelpMeRhondiUSA/status/1723370885208261096,21
https://twitter.com/NEBASARK/status/1723657596777685130,44K
https://twitter.com/CryptidAnalysis/status/1723518628442657052,106K
https://twitter.com/hw_floyd/status/1723369365075058964,54K
https://twitter.com/HelpMeRhondiUSA/status/1723370885208261096,21
https://twitter.com/NEBASARK/status/1723657596777685130,44K
https://twitter.com/CryptidAnalysis/status/1723518628442657052,106K
https://twitter.com/hw_floyd/status/1723369365075058964,54K
https://twitter.com/HelpMeRhondiUSA/status/1723370885208261096,21
https://twitter.com/NEBASARK/status/1723657596777685130,44K
https://twitter.com/CryptidAnalysis/status/1723518628442657052,106K
https://twitter.com/hw_floyd/status/1723369365075058964,54K
https://twitter.com/HelpMeRhondiUSA/status/1723370885208261096,21
https://twitter.com/NEBASARK/status/1723657596777685130,44K
https://twitter.com/CryptidAnalysis/status/1723518628442657052,106K
https://twitter.com/hw_floyd/status/1723369365075058964,54K
https://twitter.com/HelpMeRhondiUSA/status/1723370885208261096,21
https://twitter.com/NEBASARK/status/1723657596777685130,44K
https://twitter.com/CryptidAnalysis/status/1723518628442657052,106K
https://twitter.com/hw_floyd/status/1723369365075058964,54K
https://twitter.com/HelpMeRhondiUSA/status/1723370885208261096,21
https://twitter.com/NEBASARK/status/1723657596777685130,44K
https://twitter.com/CryptidAnalysis/status/1723518628442657052,106K
https://twitter.com/hw_floyd/status/1723369365075058964,54K
https://twitter.com/HelpMeRhondiUSA/status/1723370885208261096,21
https://twitter.com/NEBASARK/status/1723657596777685130,44K
https://twitter.com/CryptidAnalysis/status/1723518628442657052,106K
https://twitter.com/hw_floyd/status/1723369365075058964,54K
https://twitter.com/HelpMeRhondiUSA/status/1723370885208261096,21
https://twitter.com/NEBASARK/status/1723657596777685130,44K
https://twitter.com/CryptidAnalysis/status/1723518628442657052,106K
https://twitter.com/hw_floyd/status/1723369365075058964,54K
https://twitter.com/HelpMeRhondiUSA/status/1723370885208261096,21
https://twitter.com/TenHagEra/status/1723396023588933849,738K
https://twitter.com/DETONATEDcom/status/1723415891155550473,155K
https://twitter.com/GGBreakingPoint/status/1723501965437804626,369K
https://twitter.com/NEWSMAX/status/1723694641143517581,32
https://twitter.com/BrandonStraka/status/1723504231209193836,79K
https://twitter.com/PatriotVerity/status/1723592804985651378,61
https://twitter.com/catsuka/status/1723393468221870153,1.6M
https://twitter.com/NoahJ456/status/1723440005774012588,853K
https://twitter.com/Yrouel86/status/1723637687176069249,2.6K
https://twitter.com/BrandonStraka/status/1723504231209193836,79K
https://twitter.com/PatriotVerity/status/1723592804985651378,61
https://twitter.com/catsuka/status/1723393468221870153,1.6M
https://twitter.com/NoahJ456/status/1723440005774012588,853K
https://twitter.com/Yrouel86/status/1723637687176069249,2.6K
https://twitter.com/BrandonStraka/status/1723504231209193836,79K
https://twitter.com/PatriotVerity/status/1723592804985651378,61
https://twitter.com/catsuka/status/1723393468221870153,1.6M
https://twitter.com/NoahJ456/status/1723440005774012588,853K
https://twitter.com/Yrouel86/status/1723637687176069249,2.6K
https://twitter.com/BrandonStraka/status/1723504231209193836,79K
https://twitter.com/PatriotVerity/status/1723592804985651378,61
https://twitter.com/catsuka/status/1723393468221870153,1.6M
https://twitter.com/NoahJ456/status/1723440005774012588,853K
https://twitter.com/Yrouel86/status/1723637687176069249,2.6K
https://twitter.com/BrandonStraka/status/1723504231209193836,79K
https://twitter.com/PatriotVerity/status/1723592804985651378,61
https://twitter.com/catsuka/status/1723393468221870153,1.6M
https://twitter.com/NoahJ456/status/1723440005774012588,853K
https://twitter.com/Yrouel86/status/1723637687176069249,2.6K
https://twitter.com/BrandonStraka/status/1723504231209193836,79K
https://twitter.com/PatriotVerity/status/1723592804985651378,61
https://twitter.com/catsuka/status/1723393468221870153,1.6M
https://twitter.com/NoahJ456/status/1723440005774012588,853K
https://twitter.com/Yrouel86/status/1723637687176069249,2.7K
https://twitter.com/BrandonStraka/status/1723504231209193836,79K
https://twitter.com/PatriotVerity/status/1723592804985651378,61
https://twitter.com/catsuka/status/1723393468221870153,1.6M
https://twitter.com/NoahJ456/status/1723440005774012588,853K
https://twitter.com/Yrouel86/status/1723637687176069249,2.7K
https://twitter.com/BrandonStraka/status/1723504231209193836,79K
https://twitter.com/PatriotVerity/status/1723592804985651378,61
https://twitter.com/catsuka/status/1723393468221870153,1.6M
https://twitter.com/NoahJ456/status/1723440005774012588,853K
https://twitter.com/Yrouel86/status/1723637687176069249,2.7K
https://twitter.com/BrandonStraka/status/1723504231209193836,79K
https://twitter.com/PatriotVerity/status/1723592804985651378,61
https://twitter.com/catsuka/status/1723393468221870153,1.6M
https://twitter.com/NoahJ456/status/1723440005774012588,853K
https://twitter.com/Yrouel86/status/1723637687176069249,2.7K
https://twitter.com/BrandonStraka/status/1723504231209193836,79K
https://twitter.com/PatriotVerity/status/1723592804985651378,61
https://twitter.com/catsuka/status/1723393468221870153,1.6M
https://twitter.com/NoahJ456/status/1723440005774012588,853K
https://twitter.com/Yrouel86/status/1723637687176069249,2.7K
https://twitter.com/BrandonStraka/status/1723504231209193836,79K
https://twitter.com/PatriotVerity/status/1723592804985651378,61
https://twitter.com/catsuka/status/1723393468221870153,1.6M
https://twitter.com/NoahJ456/status/1723440005774012588,853K
https://twitter.com/Yrouel86/status/1723637687176069249,2.7K
https://twitter.com/BrandonStraka/status/1723504231209193836,79K
https://twitter.com/PatriotVerity/status/1723592804985651378,61
https://twitter.com/catsuka/status/1723393468221870153,1.6M
https://twitter.com/NoahJ456/status/1723440005774012588,853K
https://twitter.com/Yrouel86/status/1723637687176069249,2.7K
https://twitter.com/BrandonStraka/status/1723504231209193836,79K
https://twitter.com/PatriotVerity/status/1723592804985651378,61
https://twitter.com/catsuka/status/1723393468221870153,1.6M
https://twitter.com/NoahJ456/status/1723440005774012588,853K
https://twitter.com/Yrouel86/status/1723637687176069249,2.7K
https://twitter.com/BrandonStraka/status/1723504231209193836,79K
https://twitter.com/PatriotVerity/status/1723592804985651378,61
https://twitter.com/catsuka/status/1723393468221870153,1.6M
https://twitter.com/NoahJ456/status/1723440005774012588,853K
https://twitter.com/AsieduMends/status/1723625454786015515,7.7K
https://twitter.com/MdBreathe/status/1723350469093855585,310K
https://twitter.com/sfwal/status/1723497834790457777,119
https://twitter.com/TheChiefNerd/status/1723395573108113718,22K
https://twitter.com/boschh71/status/1723395877987827930,25
https://twitter.com/Spaceshot76/status/1723522791205405062,21K
https://twitter.com/AsieduMends/status/1723625454786015515,7.7K
https://twitter.com/MdBreathe/status/1723350469093855585,310K
https://twitter.com/sfwal/status/1723497834790457777,119
https://twitter.com/TheChiefNerd/status/1723395573108113718,22K
https://twitter.com/boschh71/status/1723395877987827930,25
https://twitter.com/Spaceshot76/status/1723522791205405062,21K
https://twitter.com/AsieduMends/status/1723625454786015515,7.7K
https://twitter.com/MdBreathe/status/1723350469093855585,310K
https://twitter.com/sfwal/status/1723497834790457777,119
https://twitter.com/TheChiefNerd/status/1723395573108113718,22K
https://twitter.com/boschh71/status/1723395877987827930,25
https://twitter.com/Spaceshot76/status/1723522791205405062,21K
https://twitter.com/AsieduMends/status/1723625454786015515,7.7K
https://twitter.com/MdBreathe/status/1723350469093855585,310K
https://twitter.com/sfwal/status/1723497834790457777,119
https://twitter.com/TheChiefNerd/status/1723395573108113718,22K
https://twitter.com/boschh71/status/1723395877987827930,25
https://twitter.com/Spaceshot76/status/1723522791205405062,21K
https://twitter.com/AsieduMends/status/1723625454786015515,7.7K
https://twitter.com/MdBreathe/status/1723350469093855585,310K
https://twitter.com/sfwal/status/1723497834790457777,119
https://twitter.com/TheChiefNerd/status/1723395573108113718,22K
https://twitter.com/boschh71/status/1723395877987827930,25
https://twitter.com/Spaceshot76/status/1723522791205405062,21K
https://twitter.com/AsieduMends/status/1723625454786015515,7.7K
https://twitter.com/MdBreathe/status/1723350469093855585,310K
https://twitter.com/sfwal/status/1723497834790457777,119
https://twitter.com/TheChiefNerd/status/1723395573108113718,22K
https://twitter.com/boschh71/status/1723395877987827930,25
https://twitter.com/Spaceshot76/status/1723522791205405062,21K
https://twitter.com/AsieduMends/status/1723625454786015515,7.7K
https://twitter.com/MdBreathe/status/1723350469093855585,310K
https://twitter.com/sfwal/status/1723497834790457777,119
https://twitter.com/TheChiefNerd/status/1723395573108113718,22K
https://twitter.com/boschh71/status/1723395877987827930,25
https://twitter.com/Spaceshot76/status/1723522791205405062,21K
https://twitter.com/AsieduMends/status/1723625454786015515,7.7K
https://twitter.com/MdBreathe/status/1723350469093855585,310K
https://twitter.com/sfwal/status/1723497834790457777,119
https://twitter.com/TheChiefNerd/status/1723395573108113718,22K
https://twitter.com/boschh71/status/1723395877987827930,25
https://twitter.com/Spaceshot76/status/1723522791205405062,21K
https://twitter.com/AsieduMends/status/1723625454786015515,7.7K
https://twitter.com/MdBreathe/status/1723350469093855585,310K
https://twitter.com/sfwal/status/1723497834790457777,119
https://twitter.com/TheChiefNerd/status/1723395573108113718,22K
https://twitter.com/boschh71/status/1723395877987827930,25
https://twitter.com/Spaceshot76/status/1723522791205405062,21K
https://twitter.com/AsieduMends/status/1723625454786015515,7.7K
https://twitter.com/MdBreathe/status/1723350469093855585,310K
https://twitter.com/sfwal/status/1723497834790457777,119
https://twitter.com/TheChiefNerd/status/1723395573108113718,22K
https://twitter.com/boschh71/status/1723395877987827930,25
https://twitter.com/Spaceshot76/status/1723522791205405062,21K
https://twitter.com/AsieduMends/status/1723625454786015515,7.7K
https://twitter.com/MdBreathe/status/1723350469093855585,310K
https://twitter.com/sfwal/status/1723497834790457777,119
https://twitter.com/TheChiefNerd/status/1723395573108113718,22K
https://twitter.com/boschh71/status/1723395877987827930,25
https://twitter.com/Spaceshot76/status/1723522791205405062,21K
https://twitter.com/AsieduMends/status/1723625454786015515,7.7K
https://twitter.com/MdBreathe/status/1723350469093855585,310K
https://twitter.com/sfwal/status/1723497834790457777,119
https://twitter.com/TheChiefNerd/status/1723395573108113718,22K
https://twitter.com/boschh71/status/1723395877987827930,25
https://twitter.com/Spaceshot76/status/1723522791205405062,21K
https://twitter.com/AsieduMends/status/1723625454786015515,7.7K
https://twitter.com/MdBreathe/status/1723350469093855585,310K
https://twitter.com/sfwal/status/1723497834790457777,119
https://twitter.com/TheChiefNerd/status/1723395573108113718,22K
https://twitter.com/boschh71/status/1723395877987827930,25
https://twitter.com/Spaceshot76/status/1723522791205405062,21K
https://twitter.com/AsieduMends/status/1723625454786015515,7.7K
https://twitter.com/MdBreathe/status/1723350469093855585,310K
https://twitter.com/sfwal/status/1723497834790457777,119
https://twitter.com/TheChiefNerd/status/1723395573108113718,22K
https://twitter.com/boschh71/status/1723395877987827930,25
https://twitter.com/Spaceshot76/status/1723522791205405062,21K
https://twitter.com/AsieduMends/status/1723625454786015515,7.7K
https://twitter.com/MdBreathe/status/1723350469093855585,310K
https://twitter.com/sfwal/status/1723497834790457777,119
https://twitter.com/TheChiefNerd/status/1723395573108113718,22K
https://twitter.com/boschh71/status/1723395877987827930,25
https://twitter.com/Spaceshot76/status/1723522791205405062,21K
https://twitter.com/MdBreathe/status/1723350469093855585,310K
https://twitter.com/geauxt17/status/1723429655464595958,10
https://twitter.com/ClayTravis/status/1723586310848258169,202K
https://twitter.com/WholeMarsBlog/status/1723632619269820710,13K
https://twitter.com/Bike_and_Bow/status/1723636069155963068,105
https://twitter.com/MdBreathe/status/1723350469093855585,310K
https://twitter.com/geauxt17/status/1723429655464595958,10
https://twitter.com/ClayTravis/status/1723586310848258169,202K
https://twitter.com/WholeMarsBlog/status/1723632619269820710,13K
https://twitter.com/Bike_and_Bow/status/1723636069155963068,105
https://twitter.com/MdBreathe/status/1723350469093855585,310K
https://twitter.com/geauxt17/status/1723429655464595958,10
https://twitter.com/ClayTravis/status/1723586310848258169,203K
https://twitter.com/WholeMarsBlog/status/1723632619269820710,13K
https://twitter.com/Bike_and_Bow/status/1723636069155963068,105
https://twitter.com/MdBreathe/status/1723350469093855585,310K
https://twitter.com/geauxt17/status/1723429655464595958,10
https://twitter.com/ClayTravis/status/1723586310848258169,203K
https://twitter.com/WholeMarsBlog/status/1723632619269820710,13K
https://twitter.com/Bike_and_Bow/status/1723636069155963068,105
https://twitter.com/MdBreathe/status/1723350469093855585,310K
https://twitter.com/geauxt17/status/1723429655464595958,10
https://twitter.com/ClayTravis/status/1723586310848258169,203K
https://twitter.com/WholeMarsBlog/status/1723632619269820710,13K
https://twitter.com/Bike_and_Bow/status/1723636069155963068,105
https://twitter.com/MdBreathe/status/1723350469093855585,310K
https://twitter.com/geauxt17/status/1723429655464595958,10
https://twitter.com/ClayTravis/status/1723586310848258169,203K
https://twitter.com/WholeMarsBlog/status/1723632619269820710,13K
https://twitter.com/Bike_and_Bow/status/1723636069155963068,105
https://twitter.com/MdBreathe/status/1723350469093855585,310K
https://twitter.com/geauxt17/status/1723429655464595958,10
https://twitter.com/ClayTravis/status/1723586310848258169,203K
https://twitter.com/WholeMarsBlog/status/1723632619269820710,13K
https://twitter.com/Bike_and_Bow/status/1723636069155963068,105
https://twitter.com/MdBreathe/status/1723350469093855585,310K
https://twitter.com/geauxt17/status/1723429655464595958,10
https://twitter.com/ClayTravis/status/1723586310848258169,204K
https://twitter.com/WholeMarsBlog/status/1723632619269820710,13K
https://twitter.com/Bike_and_Bow/status/1723636069155963068,105
https://twitter.com/MdBreathe/status/1723350469093855585,310K
https://twitter.com/geauxt17/status/1723429655464595958,10
https://twitter.com/ClayTravis/status/1723586310848258169,204K
https://twitter.com/WholeMarsBlog/status/1723632619269820710,13K
https://twitter.com/Bike_and_Bow/status/1723636069155963068,105
https://twitter.com/MdBreathe/status/1723350469093855585,310K
https://twitter.com/geauxt17/status/1723429655464595958,10
https://twitter.com/ClayTravis/status/1723586310848258169,204K
https://twitter.com/WholeMarsBlog/status/1723632619269820710,13K
https://twitter.com/Bike_and_Bow/status/1723636069155963068,105
https://twitter.com/MdBreathe/status/1723350469093855585,310K
https://twitter.com/geauxt17/status/1723429655464595958,10
https://twitter.com/ClayTravis/status/1723586310848258169,204K
https://twitter.com/WholeMarsBlog/status/1723632619269820710,13K
https://twitter.com/Bike_and_Bow/status/1723636069155963068,105
https://twitter.com/MdBreathe/status/1723350469093855585,310K
https://twitter.com/geauxt17/status/1723429655464595958,10
https://twitter.com/ClayTravis/status/1723586310848258169,204K
https://twitter.com/WholeMarsBlog/status/1723632619269820710,13K
https://twitter.com/Bike_and_Bow/status/1723636069155963068,105
https://twitter.com/MdBreathe/status/1723350469093855585,310K
https://twitter.com/geauxt17/status/1723429655464595958,10
https://twitter.com/ClayTravis/status/1723586310848258169,204K
https://twitter.com/WholeMarsBlog/status/1723632619269820710,13K
https://twitter.com/Bike_and_Bow/status/1723636069155963068,105
https://twitter.com/MdBreathe/status/1723350469093855585,310K
https://twitter.com/geauxt17/status/1723429655464595958,10
https://twitter.com/ClayTravis/status/1723586310848258169,204K
https://twitter.com/WholeMarsBlog/status/1723632619269820710,13K
https://twitter.com/Bike_and_Bow/status/1723636069155963068,105
https://twitter.com/MdBreathe/status/1723350469093855585,310K
https://twitter.com/geauxt17/status/1723429655464595958,10
https://twitter.com/ClayTravis/status/1723586310848258169,204K
https://twitter.com/WholeMarsBlog/status/1723632619269820710,13K
https://twitter.com/Bike_and_Bow/status/1723636069155963068,105
https://twitter.com/cctvidiots/status/1723544664593104936,1.5M
https://twitter.com/hbrooks_coach/status/1723361754619482593,1.6M
https://twitter.com/blurayangel/status/1723403810578760129,2.4M
https://twitter.com/Noodledori1/status/1723369604892762427,3M
https://twitter.com/SharylAttkisson/status/1723371376914972945,9.9K
https://twitter.com/spdret25/status/1723398108997173549,27
https://twitter.com/Quophieparadise/status/1723636455254217033,18K
https://twitter.com/SharylAttkisson/status/1723371376914972945,9.9K
https://twitter.com/spdret25/status/1723398108997173549,27
https://twitter.com/Quophieparadise/status/1723636455254217033,18K
https://twitter.com/SharylAttkisson/status/1723371376914972945,9.9K
https://twitter.com/spdret25/status/1723398108997173549,27
https://twitter.com/Quophieparadise/status/1723636455254217033,18K
https://twitter.com/SharylAttkisson/status/1723371376914972945,9.9K
https://twitter.com/spdret25/status/1723398108997173549,27
https://twitter.com/Quophieparadise/status/1723636455254217033,18K
https://twitter.com/SharylAttkisson/status/1723371376914972945,9.9K
https://twitter.com/spdret25/status/1723398108997173549,27
https://twitter.com/Quophieparadise/status/1723636455254217033,18K
https://twitter.com/SharylAttkisson/status/1723371376914972945,9.9K
https://twitter.com/spdret25/status/1723398108997173549,27
https://twitter.com/Quophieparadise/status/1723636455254217033,18K
https://twitter.com/SharylAttkisson/status/1723371376914972945,9.9K
https://twitter.com/spdret25/status/1723398108997173549,27
https://twitter.com/Quophieparadise/status/1723636455254217033,18K
https://twitter.com/SharylAttkisson/status/1723371376914972945,9.9K
https://twitter.com/spdret25/status/1723398108997173549,27
https://twitter.com/Quophieparadise/status/1723636455254217033,18K
https://twitter.com/SharylAttkisson/status/1723371376914972945,9.9K
https://twitter.com/spdret25/status/1723398108997173549,27
https://twitter.com/Quophieparadise/status/1723636455254217033,18K
https://twitter.com/SharylAttkisson/status/1723371376914972945,9.9K
https://twitter.com/spdret25/status/1723398108997173549,27
https://twitter.com/Quophieparadise/status/1723636455254217033,18K
https://twitter.com/SharylAttkisson/status/1723371376914972945,9.9K
https://twitter.com/spdret25/status/1723398108997173549,27
https://twitter.com/Quophieparadise/status/1723636455254217033,18K
https://twitter.com/SharylAttkisson/status/1723371376914972945,9.9K
https://twitter.com/spdret25/status/1723398108997173549,27
https://twitter.com/Quophieparadise/status/1723636455254217033,18K
https://twitter.com/SharylAttkisson/status/1723371376914972945,9.9K
https://twitter.com/spdret25/status/1723398108997173549,27
https://twitter.com/Quophieparadise/status/1723636455254217033,18K
https://twitter.com/SharylAttkisson/status/1723371376914972945,9.9K
https://twitter.com/spdret25/status/1723398108997173549,27
https://twitter.com/Quophieparadise/status/1723636455254217033,18K
https://twitter.com/IndianTechGuide/status/1723571533954854920,161K
https://twitter.com/NEWSMAX/status/1723362463037657197,28K
https://twitter.com/JoeFla4/status/1723674114706051501,337
https://twitter.com/Naija_PR/status/1723348235018739970,4M
https://twitter.com/IrfanPathan/status/1723616442166510077,371K
https://twitter.com/NTDNews/status/1723367481102717327,687
https://twitter.com/stylebender/status/1723577457243271456,4.6M
https://twitter.com/WholeMarsBlog/status/1723651875084660938,30K
https://twitter.com/RHDTesla/status/1723667715548672133,752
https://twitter.com/RickyDoggin/status/1723353748167131306,2.8K
https://twitter.com/WholeMarsBlog/status/1723183084005360006,113K
https://twitter.com/jasondoc/status/1723425693864747330,1K
https://twitter.com/SawyerMerritt/status/1723378702245867972,600K
https://twitter.com/SiggyTheViking/status/1723507073290228023,32
https://twitter.com/TheChiefNerd/status/1723505681678925967,69K
https://twitter.com/STT1842/status/1723508501643767892,1.5K
https://twitter.com/WholeMarsBlog/status/1723666576887685151,13K
https://twitter.com/Arojojoye01/status/1723667159753064508,106
https://twitter.com/SharylAttkisson/status/1723397599992955107,106K
https://twitter.com/jwa0004/status/1723422345275052199,81
https://twitter.com/SharylAttkisson/status/1723397599992955107,106K
https://twitter.com/jwa0004/status/1723422345275052199,81
https://twitter.com/DramaAlert/status/1723376607258145049,1.2M
https://twitter.com/TheStandardNFT/status/1723434188899262562,226
https://twitter.com/EdLudlow/status/1723427488985227489,13K
https://twitter.com/AltHistCody/status/1723418998790926417,486K
https://twitter.com/Akademiks/status/1723425028304187509,3.6M
https://twitter.com/DebbraT/status/1723427641078763576,12K
https://twitter.com/JoePompliano/status/1723678811273728109,329K
https://twitter.com/lakerscook/status/1723451125649874965,4.1M
https://twitter.com/BrandonStraka/status/1723504231209193836,79K
https://twitter.com/GooniGal/status/1723505605464428857,214
https://twitter.com/TheChiefNerd/status/1723542986183651497,38K
https://twitter.com/cordellbear/status/1723543480981696524,191
https://twitter.com/MdBreathe/status/1722960413543764012,492K
https://twitter.com/MorningWood1967/status/1723534866958983548,21
https://twitter.com/MdBreathe/status/1722960413543764012,492K
https://twitter.com/MorningWood1967/status/1723534866958983548,21
https://twitter.com/DonaldJTrumpJr/status/1723697802666967246,1
https://twitter.com/heydave7/status/1723697823546282134,
https://twitter.com/CitizenFreePres/status/1723539009740149154,122K
https://twitter.com/Alt4Living/status/1723697687202009420,2
https://twitter.com/MdBreathe/status/1722960413543764012,492K
https://twitter.com/MorningWood1967/status/1723534866958983548,21
https://twitter.com/DonaldJTrumpJr/status/1723697802666967246,1
https://twitter.com/heydave7/status/1723697823546282134,
https://twitter.com/CitizenFreePres/status/1723539009740149154,122K
https://twitter.com/Alt4Living/status/1723697687202009420,2
https://twitter.com/OvOBrezzzy/status/1723426369256710299,5M
https://twitter.com/thenerdium/status/1723416487275438207,3.8K
https://twitter.com/KristyDeer/status/1723698113494343711,62
https://twitter.com/WallStreetSilv/status/1723687087927628242,49K
https://twitter.com/KristyDeer/status/1723698113494343711,62
https://twitter.com/WallStreetSilv/status/1723687087927628242,49K
https://twitter.com/WallStreetSilv/status/1723694635535482881,13K
https://twitter.com/WallStreetSilv/status/1723679537991393753,31K
https://twitter.com/KristyDeer/status/1723698113494343711,62
https://twitter.com/WallStreetSilv/status/1723687087927628242,49K
https://twitter.com/WallStreetSilv/status/1723694635535482881,13K
https://twitter.com/WallStreetSilv/status/1723679537991393753,31K
https://twitter.com/KristyDeer/status/1723698113494343711,62
https://twitter.com/WallStreetSilv/status/1723687087927628242,49K
https://twitter.com/WallStreetSilv/status/1723694635535482881,13K
https://twitter.com/WallStreetSilv/status/1723679537991393753,31K
https://twitter.com/heydave7/status/1723699480258588889,806
https://twitter.com/hodgetwins/status/1723699553474380050,5.7K
https://twitter.com/FoxNews/status/1723699403217617119,6.6K
https://twitter.com/dom_lucre/status/1723513364096147780,2.7M
https://twitter.com/atensnut/status/1723699466111246704,477
https://twitter.com/heydave7/status/1723699480258588889,806
https://twitter.com/hodgetwins/status/1723699553474380050,5.7K
https://twitter.com/FoxNews/status/1723699403217617119,6.6K
https://twitter.com/dom_lucre/status/1723513364096147780,2.7M
https://twitter.com/atensnut/status/1723699466111246704,477
https://twitter.com/hodgetwins/status/1723699553474380050,5.7K
https://twitter.com/FoxNews/status/1723699403217617119,6.6K
https://twitter.com/dom_lucre/status/1723513364096147780,2.7M
https://twitter.com/atensnut/status/1723699466111246704,477
https://twitter.com/_willcompton/status/1723531057390088682,1.4M
https://twitter.com/dom_lucre/status/1723513364096147780,2.7M
https://twitter.com/atensnut/status/1723699466111246704,717
https://twitter.com/_willcompton/status/1723531057390088682,1.4M
https://twitter.com/dom_lucre/status/1723505368075051023,216K
https://twitter.com/atensnut/status/1723699680926654882,420
https://twitter.com/dom_lucre/status/1723513364096147780,2.7M
https://twitter.com/atensnut/status/1723699466111246704,717
https://twitter.com/_willcompton/status/1723531057390088682,1.4M
https://twitter.com/dom_lucre/status/1723505368075051023,216K
https://twitter.com/atensnut/status/1723699680926654882,420
https://twitter.com/TheChiefNerd/status/1723337148168839371,36K
https://twitter.com/dom_lucre/status/1723513364096147780,2.7M
https://twitter.com/atensnut/status/1723699466111246704,717
https://twitter.com/_willcompton/status/1723531057390088682,1.4M
https://twitter.com/dom_lucre/status/1723505368075051023,216K
https://twitter.com/atensnut/status/1723699680926654882,420
https://twitter.com/TheChiefNerd/status/1723337148168839371,36K
https://twitter.com/vanderbilt_mark/status/1723339715703636391,443
https://twitter.com/dom_lucre/status/1723505368075051023,216K
https://twitter.com/atensnut/status/1723699680926654882,420
https://twitter.com/TheChiefNerd/status/1723337148168839371,36K
https://twitter.com/vanderbilt_mark/status/1723339715703636391,443
https://twitter.com/JackPosobiec/status/1723694961852379244,21K
https://twitter.com/dom_lucre/status/1723505368075051023,216K
https://twitter.com/atensnut/status/1723699680926654882,420
https://twitter.com/TheChiefNerd/status/1723337148168839371,36K
https://twitter.com/vanderbilt_mark/status/1723339715703636391,443
https://twitter.com/JackPosobiec/status/1723694961852379244,21K
https://twitter.com/dom_lucre/status/1723505368075051023,216K
https://twitter.com/atensnut/status/1723699680926654882,420
https://twitter.com/TheChiefNerd/status/1723337148168839371,36K
https://twitter.com/vanderbilt_mark/status/1723339715703636391,443
https://twitter.com/JackPosobiec/status/1723694961852379244,21K
https://twitter.com/atensnut/status/1723700315461960140,230
https://twitter.com/JackPosobiec/status/1723694961852379244,21K
https://twitter.com/atensnut/status/1723700315461960140,230
https://twitter.com/ChayaRaichik10/status/1723478391545106485,130K
https://twitter.com/atensnut/status/1723484333820784719,5.3K
https://twitter.com/ChayaRaichik10/status/1723488222704173411,4.1K
https://twitter.com/christianllamar/status/1723700543653380169,1
https://twitter.com/TheEconomist/status/1723699338684019100,11K
https://twitter.com/cnunezimages/status/1723695498568049012,816
https://twitter.com/JackPosobiec/status/1723694961852379244,21K
https://twitter.com/atensnut/status/1723700315461960140,230
https://twitter.com/ChayaRaichik10/status/1723478391545106485,130K
https://twitter.com/atensnut/status/1723484333820784719,5.3K
https://twitter.com/ChayaRaichik10/status/1723488222704173411,4.1K
https://twitter.com/christianllamar/status/1723700543653380169,1
https://twitter.com/TheEconomist/status/1723699338684019100,11K
https://twitter.com/cnunezimages/status/1723695498568049012,816
https://twitter.com/JackPosobiec/status/1723694961852379244,21K
https://twitter.com/atensnut/status/1723700315461960140,230
https://twitter.com/ChayaRaichik10/status/1723478391545106485,130K
https://twitter.com/atensnut/status/1723484333820784719,5.3K
https://twitter.com/ChayaRaichik10/status/1723488222704173411,4.1K
https://twitter.com/christianllamar/status/1723700543653380169,1
https://twitter.com/TheEconomist/status/1723699338684019100,11K
https://twitter.com/cnunezimages/status/1723695498568049012,816
https://twitter.com/LamarWarRoom/status/1723692952403542063,35
https://twitter.com/cnunezimages/status/1723695498568049012,816
https://twitter.com/InternetJumbo/status/1723434314010927368,841K
https://twitter.com/SophiaNarwitz/status/1723486878463074404,123K
https://twitter.com/LamarWarRoom/status/1723692952403542063,35
https://twitter.com/cnunezimages/status/1723695498568049012,816
https://twitter.com/InternetJumbo/status/1723434314010927368,841K
https://twitter.com/SophiaNarwitz/status/1723486878463074404,123K
https://twitter.com/LamarWarRoom/status/1723692952403542063,35
https://twitter.com/cnunezimages/status/1723695498568049012,816
https://twitter.com/InternetJumbo/status/1723434314010927368,841K
https://twitter.com/SophiaNarwitz/status/1723486878463074404,123K
https://twitter.com/hodgetwins/status/1723700770485199064,
https://twitter.com/hw_floyd/status/1723369365075058964,54K
https://twitter.com/BigDSspang1025/status/1723509411195318702,10
https://twitter.com/ChristianForAZ/status/1723699462189850926,43
https://twitter.com/SophiaNarwitz/status/1723486878463074404,123K
https://twitter.com/hodgetwins/status/1723700770485199064,
https://twitter.com/hw_floyd/status/1723369365075058964,54K
https://twitter.com/BigDSspang1025/status/1723509411195318702,10
https://twitter.com/ChristianForAZ/status/1723699462189850926,43
https://twitter.com/SophiaNarwitz/status/1723486878463074404,123K
https://twitter.com/hodgetwins/status/1723700770485199064,
https://twitter.com/hw_floyd/status/1723369365075058964,54K
https://twitter.com/BigDSspang1025/status/1723509411195318702,10
https://twitter.com/ChristianForAZ/status/1723699462189850926,43
https://twitter.com/SophiaNarwitz/status/1723486878463074404,123K
https://twitter.com/KristyDeer/status/1723698113494343711,178
https://twitter.com/THEHCC/status/1723568236313141423,16
https://twitter.com/CitizenFreePres/status/1723538407664529728,160K
https://twitter.com/AlabamaAnna305/status/1723696990410674647,10
https://twitter.com/KristyDeer/status/1723698113494343711,178
https://twitter.com/THEHCC/status/1723568236313141423,16
https://twitter.com/CitizenFreePres/status/1723538407664529728,160K
https://twitter.com/AlabamaAnna305/status/1723696990410674647,10
https://twitter.com/THEHCC/status/1723568236313141423,16
https://twitter.com/CitizenFreePres/status/1723538407664529728,160K
https://twitter.com/AlabamaAnna305/status/1723696990410674647,10
https://twitter.com/ModernWarzone/status/1723416305053679764,323K
https://twitter.com/hw_floyd/status/1723369365075058964,54K
https://twitter.com/zoe83758568/status/1723453595411255457,13
https://twitter.com/AlabamaAnna305/status/1723696990410674647,10
https://twitter.com/AlabamaAnna305/status/1723696990410674647,10
https://twitter.com/hw_floyd/status/1723369365075058964,54K
https://twitter.com/cbollins1776/status/1723372141746237514,72
https://twitter.com/meggersxo129/status/1723400080118497591,45
https://twitter.com/AlabamaAnna305/status/1723696990410674647,10
https://twitter.com/hw_floyd/status/1723369365075058964,54K
https://twitter.com/cbollins1776/status/1723372141746237514,72
https://twitter.com/meggersxo129/status/1723400080118497591,45
https://twitter.com/hw_floyd/status/1723369365075058964,54K
https://twitter.com/cbollins1776/status/1723372141746237514,72
https://twitter.com/WholeMarsBlog/status/1723581055536603154,70K
https://twitter.com/FutureRussels/status/1723586182142107651,628
https://twitter.com/meggersxo129/status/1723400080118497591,45
https://twitter.com/hw_floyd/status/1723369365075058964,54K
https://twitter.com/cbollins1776/status/1723372141746237514,72
https://twitter.com/WholeMarsBlog/status/1723581055536603154,70K
https://twitter.com/FutureRussels/status/1723586182142107651,628
https://twitter.com/meggersxo129/status/1723400080118497591,45
https://twitter.com/hw_floyd/status/1723369365075058964,54K
https://twitter.com/cbollins1776/status/1723372141746237514,72
https://twitter.com/WholeMarsBlog/status/1723581055536603154,70K
https://twitter.com/FutureRussels/status/1723586182142107651,628
https://twitter.com/meggersxo129/status/1723400080118497591,45
https://twitter.com/hw_floyd/status/1723369365075058964,54K
https://twitter.com/Tamraemac/status/1723555851435434137,34
https://twitter.com/elonmusk/status/1723504813638340802,17M
https://twitter.com/MdBreathe/status/1723506427359007207,49K
https://twitter.com/LuckySm75276504/status/1723556679755919610,272
https://twitter.com/hw_floyd/status/1723369365075058964,54K
https://twitter.com/Tamraemac/status/1723555851435434137,34
https://twitter.com/elonmusk/status/1723504813638340802,17M
https://twitter.com/MdBreathe/status/1723506427359007207,49K
https://twitter.com/LuckySm75276504/status/1723556679755919610,272
https://twitter.com/hw_floyd/status/1723369365075058964,54K
https://twitter.com/Tamraemac/status/1723555851435434137,34
https://twitter.com/elonmusk/status/1723504813638340802,17M
https://twitter.com/MdBreathe/status/1723506427359007207,49K
https://twitter.com/LuckySm75276504/status/1723556679755919610,272
https://twitter.com/atensnut/status/1723362245407629432,14K
https://twitter.com/atensnut/status/1723362337933889736,6.3K
https://twitter.com/Lanalynnluvv/status/1723365260554314087,42
https://twitter.com/MissSassbox/status/1723468252481777955,3.3M
https://twitter.com/BleacherReport/status/1723468585748553778,3.8M
https://twitter.com/atensnut/status/1723362245407629432,14K
https://twitter.com/atensnut/status/1723362337933889736,6.3K
https://twitter.com/Lanalynnluvv/status/1723365260554314087,42
https://twitter.com/MissSassbox/status/1723468252481777955,3.3M
https://twitter.com/BleacherReport/status/1723468585748553778,3.8M
https://twitter.com/atensnut/status/1723362245407629432,14K
https://twitter.com/atensnut/status/1723362337933889736,6.3K
https://twitter.com/Lanalynnluvv/status/1723365260554314087,42
https://twitter.com/MissSassbox/status/1723468252481777955,3.3M
https://twitter.com/BleacherReport/status/1723468585748553778,3.8M
https://twitter.com/FaZeAdapt/status/1723438762297000400,310K
https://twitter.com/TheRealBuzz/status/1723530704057766126,45K
https://twitter.com/BleacherReport/status/1723468585748553778,3.8M
https://twitter.com/FaZeAdapt/status/1723438762297000400,310K
https://twitter.com/TheRealBuzz/status/1723530704057766126,45K
https://twitter.com/BleacherReport/status/1723468585748553778,3.8M
https://twitter.com/FaZeAdapt/status/1723438762297000400,310K
https://twitter.com/TheRealBuzz/status/1723530704057766126,45K
https://twitter.com/BleacherReport/status/1723468585748553778,3.8M
https://twitter.com/FaZeAdapt/status/1723438762297000400,310K
https://twitter.com/WholeMarsBlog/status/1723615364402332073,16K
https://twitter.com/TonyQuickBandit/status/1723615630317015520,259
https://twitter.com/WholeMarsBlog/status/1723615364402332073,16K
https://twitter.com/TonyQuickBandit/status/1723615630317015520,259
https://twitter.com/WholeMarsBlog/status/1723615364402332073,16K
https://twitter.com/TonyQuickBandit/status/1723615630317015520,259
https://twitter.com/TheChiefNerd/status/1723511445516623938,53K
https://twitter.com/Arkypatriot/status/1723511740606935212,1.2K
https://twitter.com/hw_floyd/status/1723079365653586227,7.7K
https://twitter.com/SorashellC/status/1723554144261443743,9
https://twitter.com/TheChiefNerd/status/1723511445516623938,53K
https://twitter.com/Arkypatriot/status/1723511740606935212,1.2K
https://twitter.com/hw_floyd/status/1723079365653586227,7.7K
https://twitter.com/SorashellC/status/1723554144261443743,9
https://twitter.com/TheChiefNerd/status/1723337148168839371,36K
https://twitter.com/Arkypatriot/status/1723511740606935212,1.2K
https://twitter.com/hw_floyd/status/1723079365653586227,7.7K
https://twitter.com/SorashellC/status/1723554144261443743,9
https://twitter.com/TheChiefNerd/status/1723337148168839371,36K
https://twitter.com/RayRayRooRoo77/status/1723339397553160659,50
https://twitter.com/TheChiefNerd/status/1723337148168839371,36K
https://twitter.com/RayRayRooRoo77/status/1723339397553160659,50
https://twitter.com/Arkypatriot/status/1723377057743204503,2.2K
https://twitter.com/AmerPatriotMimi/status/1723356126232682992,35
https://twitter.com/atensnut/status/1723362245407629432,14K
https://twitter.com/TheChiefNerd/status/1723337148168839371,36K
https://twitter.com/RayRayRooRoo77/status/1723339397553160659,50
https://twitter.com/Arkypatriot/status/1723377057743204503,2.2K
https://twitter.com/AmerPatriotMimi/status/1723356126232682992,35
https://twitter.com/atensnut/status/1723362245407629432,14K
https://twitter.com/TheChiefNerd/status/1723337148168839371,36K
https://twitter.com/RayRayRooRoo77/status/1723339397553160659,50
https://twitter.com/Arkypatriot/status/1723377057743204503,2.2K
https://twitter.com/AmerPatriotMimi/status/1723356126232682992,35
https://twitter.com/atensnut/status/1723362245407629432,14K
https://twitter.com/WholeMarsBlog/status/1723662128861839528,8.8K
https://twitter.com/eraz00r/status/1723662426220982641,126
https://twitter.com/MdBreathe/status/1723350469093855585,314K
https://twitter.com/rusty_speake/status/1723545832564174994,6
https://twitter.com/Arkypatriot/status/1723546442365620357,3.6K
https://twitter.com/atensnut/status/1723362245407629432,14K
https://twitter.com/atensnut/status/1723362337933889736,6.3K
https://twitter.com/WholeMarsBlog/status/1723662128861839528,8.8K
https://twitter.com/eraz00r/status/1723662426220982641,126
https://twitter.com/MdBreathe/status/1723350469093855585,314K
https://twitter.com/rusty_speake/status/1723545832564174994,6
https://twitter.com/Arkypatriot/status/1723546442365620357,3.6K
https://twitter.com/atensnut/status/1723362245407629432,14K
https://twitter.com/atensnut/status/1723362337933889736,6.3K
https://twitter.com/WholeMarsBlog/status/1723662128861839528,8.8K
https://twitter.com/eraz00r/status/1723662426220982641,126
https://twitter.com/MdBreathe/status/1723350469093855585,314K
https://twitter.com/rusty_speake/status/1723545832564174994,6
https://twitter.com/Arkypatriot/status/1723546442365620357,3.6K
https://twitter.com/atensnut/status/1723362245407629432,14K
https://twitter.com/atensnut/status/1723362337933889736,6.3K
https://twitter.com/atensnut/status/1723362245407629432,14K
https://twitter.com/atensnut/status/1723362337933889736,6.3K
https://twitter.com/REDennis41/status/1723372291596140725,40
https://twitter.com/SteveInmanUIC/status/1723346339541455068,152K
https://twitter.com/MdBreathe/status/1723350469093855585,314K
https://twitter.com/twgilbert/status/1723378592028020780,3
https://twitter.com/atensnut/status/1723362245407629432,14K
https://twitter.com/atensnut/status/1723362337933889736,6.3K
https://twitter.com/REDennis41/status/1723372291596140725,40
https://twitter.com/SteveInmanUIC/status/1723346339541455068,152K
https://twitter.com/MdBreathe/status/1723350469093855585,314K
https://twitter.com/twgilbert/status/1723378592028020780,3
https://twitter.com/atensnut/status/1723362245407629432,14K
https://twitter.com/atensnut/status/1723362337933889736,6.3K
https://twitter.com/REDennis41/status/1723372291596140725,40
https://twitter.com/SteveInmanUIC/status/1723346339541455068,152K
https://twitter.com/MdBreathe/status/1723350469093855585,314K
https://twitter.com/twgilbert/status/1723378592028020780,3
https://twitter.com/RealBrysonGray/status/1723391397456154751,9.9K
https://twitter.com/CCGAlton/status/1723391512254226778,154
https://twitter.com/RealBrysonGray/status/1723391397456154751,9.9K
https://twitter.com/CCGAlton/status/1723391512254226778,154
https://twitter.com/RealBrysonGray/status/1723391397456154751,9.9K
https://twitter.com/CCGAlton/status/1723391512254226778,154
https://twitter.com/MdBreathe/status/1723350469093855585,314K
https://twitter.com/jdbotkin/status/1723426056764334352,7
https://twitter.com/MdBreathe/status/1723350469093855585,314K
https://twitter.com/jdbotkin/status/1723426056764334352,7
https://twitter.com/MdBreathe/status/1723350469093855585,314K
https://twitter.com/jdbotkin/status/1723426056764334352,7
https://twitter.com/WholeMarsBlog/status/1723651875084660938,33K
https://twitter.com/WholeMarsBlog/status/1723653295988977879,6K
https://twitter.com/FRED__MICHAUD/status/1723655602612633721,115
https://twitter.com/WholeMarsBlog/status/1723651875084660938,33K
https://twitter.com/WholeMarsBlog/status/1723653295988977879,6K
https://twitter.com/FRED__MICHAUD/status/1723655602612633721,115
https://twitter.com/WholeMarsBlog/status/1723651875084660938,33K
https://twitter.com/WholeMarsBlog/status/1723653295988977879,6K
https://twitter.com/FRED__MICHAUD/status/1723655602612633721,115
https://twitter.com/WholeMarsBlog/status/1723475100429873495,19K
https://twitter.com/CharliePryor/status/1723476358846701604,498
https://twitter.com/WholeMarsBlog/status/1723475100429873495,19K
https://twitter.com/CharliePryor/status/1723476358846701604,498
https://twitter.com/WholeMarsBlog/status/1723475100429873495,19K
https://twitter.com/CharliePryor/status/1723476358846701604,498
https://twitter.com/MdBreathe/status/1723350469093855585,314K
https://twitter.com/booklady2002/status/1723538014838685883,4
https://twitter.com/TheChiefNerd/status/1723511445516623938,53K
https://twitter.com/BluMyst/status/1723513712219132384,96
https://twitter.com/TheChiefNerd/status/1723542986183651497,39K
https://twitter.com/MDSULLY45/status/1723543549835124897,382
https://twitter.com/MdBreathe/status/1723350469093855585,314K
https://twitter.com/booklady2002/status/1723538014838685883,4
https://twitter.com/TheChiefNerd/status/1723511445516623938,53K
https://twitter.com/BluMyst/status/1723513712219132384,96
https://twitter.com/TheChiefNerd/status/1723542986183651497,39K
https://twitter.com/MDSULLY45/status/1723543549835124897,382
https://twitter.com/MdBreathe/status/1723350469093855585,314K
https://twitter.com/booklady2002/status/1723538014838685883,4
https://twitter.com/TheChiefNerd/status/1723511445516623938,53K
https://twitter.com/BluMyst/status/1723513712219132384,96
https://twitter.com/TheChiefNerd/status/1723542986183651497,39K
https://twitter.com/MDSULLY45/status/1723543549835124897,382
https://twitter.com/WallStreetSilv/status/1723664436777333131,66K
https://twitter.com/atensnut/status/1723699120664170553,512
https://twitter.com/WallStreetSilv/status/1723664436777333131,66K
https://twitter.com/atensnut/status/1723699120664170553,512
https://twitter.com/WallStreetSilv/status/1723664436777333131,66K
https://twitter.com/atensnut/status/1723699120664170553,512
https://twitter.com/WholeMarsBlog/status/1723662128861839528,8.9K
https://twitter.com/brandon2410/status/1723663314209681509,109
https://twitter.com/WholeMarsBlog/status/1723662128861839528,8.9K
https://twitter.com/brandon2410/status/1723663314209681509,109
https://twitter.com/WholeMarsBlog/status/1723662128861839528,8.9K
https://twitter.com/brandon2410/status/1723663314209681509,109
https://twitter.com/atensnut/status/1723362245407629432,14K
https://twitter.com/atensnut/status/1723362337933889736,6.3K
https://twitter.com/SonjaMillerWil1/status/1723392856180822167,41
https://twitter.com/hw_floyd/status/1723369365075058964,54K
https://twitter.com/Khmerempir12528/status/1723462910364582022,18
https://twitter.com/WholeMarsBlog/status/1723615364402332073,16K
https://twitter.com/atensnut/status/1723362245407629432,14K
https://twitter.com/atensnut/status/1723362337933889736,6.3K
https://twitter.com/SonjaMillerWil1/status/1723392856180822167,41
https://twitter.com/hw_floyd/status/1723369365075058964,54K
https://twitter.com/Khmerempir12528/status/1723462910364582022,18
https://twitter.com/WholeMarsBlog/status/1723615364402332073,16K
https://twitter.com/atensnut/status/1723362337933889736,6.3K
https://twitter.com/SonjaMillerWil1/status/1723392856180822167,41
https://twitter.com/hw_floyd/status/1723369365075058964,54K
https://twitter.com/Khmerempir12528/status/1723462910364582022,18
https://twitter.com/WholeMarsBlog/status/1723615364402332073,16K
https://twitter.com/AngeltimeSweet/status/1723615617008251327,85
https://twitter.com/hw_floyd/status/1723369365075058964,54K
https://twitter.com/TexasSailorGal/status/1723501172042961203,18
https://twitter.com/hw_floyd/status/1723369365075058964,54K
https://twitter.com/TexasSailorGal/status/1723501172042961203,18
https://twitter.com/hw_floyd/status/1723369365075058964,54K
https://twitter.com/TexasSailorGal/status/1723501172042961203,18
https://twitter.com/TheChiefNerd/status/1723542986183651497,39K
https://twitter.com/StollerDav/status/1723549551032672363,31
https://twitter.com/TheChiefNerd/status/1723542986183651497,39K
https://twitter.com/StollerDav/status/1723549551032672363,31
https://twitter.com/TheChiefNerd/status/1723542986183651497,39K
https://twitter.com/StollerDav/status/1723549551032672363,31
https://twitter.com/WholeMarsBlog/status/1723437015273025991,29K
https://twitter.com/Tevin256344041/status/1723440108563755083,176
https://twitter.com/WholeMarsBlog/status/1723437015273025991,29K
https://twitter.com/Tevin256344041/status/1723440108563755083,176
https://twitter.com/WholeMarsBlog/status/1723437015273025991,29K
https://twitter.com/Tevin256344041/status/1723440108563755083,176
https://twitter.com/TheEconomist/status/1723702186310590681,
https://twitter.com/NEWSMAX/status/1723702215280640225,
https://twitter.com/TheEconomist/status/1723702186310590681,
https://twitter.com/NEWSMAX/status/1723702215280640225,
https://twitter.com/TheEconomist/status/1723702186310590681,
https://twitter.com/NEWSMAX/status/1723702215280640225,
https://twitter.com/elonmusk/status/1723177815955107850,20M
https://twitter.com/atensnut/status/1723369403582951443,9K
https://twitter.com/Michael37302658/status/1723371787591745704,490
https://twitter.com/elonmusk/status/1723177815955107850,20M
https://twitter.com/atensnut/status/1723369403582951443,9K
https://twitter.com/Michael37302658/status/1723371787591745704,490
https://twitter.com/elonmusk/status/1723177815955107850,20M
https://twitter.com/atensnut/status/1723369403582951443,9K
https://twitter.com/Michael37302658/status/1723371787591745704,490
https://twitter.com/catturd2/status/1723670666522526115,130K
https://twitter.com/atensnut/status/1723702115703329214,1
https://twitter.com/MdBreathe/status/1723350469093855585,314K
https://twitter.com/JessClarke007/status/1723364467105321426,71
https://twitter.com/catturd2/status/1723670666522526115,130K
https://twitter.com/atensnut/status/1723702115703329214,1
https://twitter.com/MdBreathe/status/1723350469093855585,314K
https://twitter.com/JessClarke007/status/1723364467105321426,71
https://twitter.com/WholeMarsBlog/status/1723662128861839528,8.9K
https://twitter.com/FRED__MICHAUD/status/1723662383489433948,123
https://twitter.com/MdBreathe/status/1723350469093855585,314K
https://twitter.com/JessClarke007/status/1723364467105321426,71
https://twitter.com/WholeMarsBlog/status/1723662128861839528,8.9K
https://twitter.com/FRED__MICHAUD/status/1723662383489433948,123
https://twitter.com/RealMattCouch/status/1723685191334433220,18K
https://twitter.com/MdBreathe/status/1723536168308945356,14K
https://twitter.com/MdBreathe/status/1723537275957416324,4.6K
https://twitter.com/SharylAttkisson/status/1723371376914972945,9.9K
https://twitter.com/garryjcarlson/status/1723380728979681562,39
https://twitter.com/SharylAttkisson/status/1723371376914972945,9.9K
https://twitter.com/garryjcarlson/status/1723380728979681562,39
https://twitter.com/SharylAttkisson/status/1723371376914972945,9.9K
https://twitter.com/garryjcarlson/status/1723380728979681562,39
https://twitter.com/EpochOCDaily/status/1723148111348977701,550
https://twitter.com/TheChiefNerd/status/1723395573108113718,22K
https://twitter.com/neymat111/status/1723395790515614112,160
https://twitter.com/EpochOCDaily/status/1723148111348977701,550
https://twitter.com/TheChiefNerd/status/1723395573108113718,22K
https://twitter.com/neymat111/status/1723395790515614112,160
https://twitter.com/EpochOCDaily/status/1723148111348977701,550
https://twitter.com/TheChiefNerd/status/1723395573108113718,22K
https://twitter.com/neymat111/status/1723395790515614112,160
https://twitter.com/jsolomonReports/status/1723702386667950229,
https://twitter.com/WholeMarsBlog/status/1723651875084660938,34K
https://twitter.com/wyldeAF/status/1723664018714533888,180
https://twitter.com/MdBreathe/status/1723350469093855585,314K
https://twitter.com/HZardoz/status/1723385596368826822,21
https://twitter.com/jsolomonReports/status/1723702386667950229,
https://twitter.com/WholeMarsBlog/status/1723651875084660938,34K
https://twitter.com/wyldeAF/status/1723664018714533888,180
https://twitter.com/MdBreathe/status/1723350469093855585,314K
https://twitter.com/HZardoz/status/1723385596368826822,21
https://twitter.com/WholeMarsBlog/status/1723545230975418534,11K
https://twitter.com/Dustin77770066/status/1723545336029773906,133
https://twitter.com/Erdayastronaut/status/1723461511648051594,178K
https://twitter.com/jsolomonReports/status/1723702386667950229,
https://twitter.com/WholeMarsBlog/status/1723651875084660938,34K
https://twitter.com/wyldeAF/status/1723664018714533888,180
https://twitter.com/MdBreathe/status/1723350469093855585,314K
https://twitter.com/HZardoz/status/1723385596368826822,21
https://twitter.com/WholeMarsBlog/status/1723545230975418534,11K
https://twitter.com/Dustin77770066/status/1723545336029773906,133
https://twitter.com/Erdayastronaut/status/1723461511648051594,178K
https://twitter.com/4MouseKitters/status/1723463956042518650,577
https://twitter.com/dom_lucre/status/1723467194300821772,949K
https://twitter.com/gc22gc/status/1723538796741062916,24K
https://twitter.com/alexbruesewitz/status/1723541321523077178,39K
https://twitter.com/gc22gc/status/1723538796741062916,24K
https://twitter.com/alexbruesewitz/status/1723541321523077178,39K
https://twitter.com/gc22gc/status/1723538796741062916,24K
https://twitter.com/alexbruesewitz/status/1723541321523077178,39K
https://twitter.com/GraemeSmith49/status/1723611818449359081,188K
https://twitter.com/WholeMarsBlog/status/1723251174823104930,46K
https://twitter.com/RexonFund/status/1723586084289061090,70
https://twitter.com/GraemeSmith49/status/1723611818449359081,188K
https://twitter.com/WholeMarsBlog/status/1723251174823104930,46K
https://twitter.com/RexonFund/status/1723586084289061090,70
https://twitter.com/GraemeSmith49/status/1723611818449359081,188K
https://twitter.com/WholeMarsBlog/status/1723251174823104930,46K
https://twitter.com/RexonFund/status/1723586084289061090,70
https://twitter.com/SharylAttkisson/status/1723371376914972945,9.9K
https://twitter.com/bsbigsexy77/status/1723372969492115775,49
https://twitter.com/SharylAttkisson/status/1723371376914972945,9.9K
https://twitter.com/bsbigsexy77/status/1723372969492115775,49
https://twitter.com/SharylAttkisson/status/1723371376914972945,9.9K
https://twitter.com/bsbigsexy77/status/1723372969492115775,49
https://twitter.com/KidRock/status/1723350739840299394,138K
https://twitter.com/teslaownersSV/status/1723190904440365244,106K
https://twitter.com/TravelTeslaDad/status/1723376932513890554,361
https://twitter.com/KidRock/status/1723350739840299394,138K
https://twitter.com/teslaownersSV/status/1723190904440365244,106K
https://twitter.com/TravelTeslaDad/status/1723376932513890554,361
https://twitter.com/KidRock/status/1723350739840299394,138K
https://twitter.com/teslaownersSV/status/1723190904440365244,106K
https://twitter.com/TravelTeslaDad/status/1723376932513890554,361
https://twitter.com/Arkypatriot/status/1723696840464269610,2K
https://twitter.com/hw_floyd/status/1723369365075058964,54K
https://twitter.com/justme67677/status/1723374033725456748,57
https://twitter.com/Arkypatriot/status/1723696840464269610,2K
https://twitter.com/hw_floyd/status/1723369365075058964,54K
https://twitter.com/justme67677/status/1723374033725456748,57
https://twitter.com/Arkypatriot/status/1723696840464269610,2K
https://twitter.com/hw_floyd/status/1723369365075058964,54K
https://twitter.com/justme67677/status/1723374033725456748,57
https://twitter.com/WholeMarsBlog/status/1723651875084660938,34K
https://twitter.com/tome_anticic/status/1723666699012985262,199
https://twitter.com/MdBreathe/status/1723350469093855585,315K
https://twitter.com/Y888AB5/status/1723490653034696872,17
https://twitter.com/Erdayastronaut/status/1723461511648051594,178K
https://twitter.com/4MouseKitters/status/1723463956042518650,578
https://twitter.com/dom_lucre/status/1723467194300821772,950K
https://twitter.com/WholeMarsBlog/status/1723651875084660938,34K
https://twitter.com/tome_anticic/status/1723666699012985262,199
https://twitter.com/MdBreathe/status/1723350469093855585,315K
https://twitter.com/Y888AB5/status/1723490653034696872,17
https://twitter.com/Erdayastronaut/status/1723461511648051594,178K
https://twitter.com/4MouseKitters/status/1723463956042518650,578
https://twitter.com/dom_lucre/status/1723467194300821772,950K
https://twitter.com/WholeMarsBlog/status/1723651875084660938,34K
https://twitter.com/tome_anticic/status/1723666699012985262,199
https://twitter.com/MdBreathe/status/1723350469093855585,315K
https://twitter.com/Y888AB5/status/1723490653034696872,17
https://twitter.com/Erdayastronaut/status/1723461511648051594,178K
https://twitter.com/4MouseKitters/status/1723463956042518650,578
https://twitter.com/dom_lucre/status/1723467194300821772,950K
https://twitter.com/RonnyJacksonTX/status/1723702928010035529,
https://twitter.com/nypost/status/1723702935379685755,
https://twitter.com/RonnyJacksonTX/status/1723702928010035529,
https://twitter.com/nypost/status/1723702935379685755,
https://twitter.com/RonnyJacksonTX/status/1723702928010035529,
https://twitter.com/nypost/status/1723702935379685755,
https://twitter.com/TheChiefNerd/status/1723337148168839371,36K
https://twitter.com/SabinehazanMD/status/1723367241188561345,729
https://twitter.com/christianllamar/status/1723703009132044799,
https://twitter.com/TheChiefNerd/status/1723337148168839371,36K
https://twitter.com/SabinehazanMD/status/1723367241188561345,729
https://twitter.com/christianllamar/status/1723703009132044799,
https://twitter.com/TheChiefNerd/status/1723337148168839371,36K
https://twitter.com/SabinehazanMD/status/1723367241188561345,729
https://twitter.com/christianllamar/status/1723703009132044799,
