https://www.instagram.com/p/Cynt9PSLfGl/,194008,1
https://www.instagram.com/p/Cv9gTQuI1yG/,116841,1
https://www.instagram.com/p/CzC03TxIVHb/,297494,1
https://www.instagram.com/p/CzawhRcoV9Z/,382028,1
https://www.instagram.com/p/CwHq9MAsYzx/,483630,1
https://www.instagram.com/p/Cw0GvR8ypuH/,106120,1
https://www.instagram.com/p/CxqexvcJlD1/,803520,1
https://www.instagram.com/p/CynqD34p_rG/,831545,1
https://www.instagram.com/p/Cyat917Mo7-/,853087,1
https://www.instagram.com/p/CwF1Lz8NU61/,871326,1
https://www.instagram.com/p/CzCNITjPLii/,4827237
https://www.instagram.com/p/Cxb_5P0o4-q/,4298001
https://www.instagram.com/p/Cxb_5P0o4-q/,4298001
https://www.instagram.com/p/CzJSYqLK5we/,2523523
https://www.instagram.com/p/CzJSYqLK5we/,2523523
https://www.instagram.com/p/Cv-PVDCNEtf/,2218253
https://www.instagram.com/p/CxaHoLqIB2v/,1036453
https://www.instagram.com/p/CxaHoLqIB2v/,1036453
https://www.instagram.com/p/CwF1Lz8NU61/,871326
https://www.instagram.com/p/CwF1Lz8NU61/,871326
https://www.instagram.com/p/CyXVOPLP_tJ/,19044,2
https://www.instagram.com/p/CwuIuywyPLd/,713879,2
https://www.instagram.com/p/CzMBivmOyO3/,200214,2
https://www.instagram.com/p/CzQFZXXPSw3/,2008,2
https://www.instagram.com/p/CzEMSHlvpYZ/,1644,2
https://www.instagram.com/p/Cyvj405AfOE/,609166,2
https://www.instagram.com/p/CyYY4CWPiyC/,36235,2
https://www.instagram.com/p/CyDy8P4vkVn/,9946,1
https://www.instagram.com/p/Cweudx8OcW_/,18576329,1
https://www.instagram.com/p/Cy7K19CvvR6/,9870,1
https://www.instagram.com/p/Cweudx8OcW_/,18576329
https://www.instagram.com/p/CxtDfcQooF5/,11036683
https://www.instagram.com/p/CwOMK_ohU85/,6351711
https://www.instagram.com/p/CwOMK_ohU85/,6351711
https://www.instagram.com/p/CxGX7-8IVX3/,3449247
https://www.instagram.com/p/CxGX7-8IVX3/,3449247
https://www.instagram.com/p/CzJDNX4AhNy/,3093060
https://www.instagram.com/p/CzJDNX4AhNy/,3092869
https://www.instagram.com/p/CxBLAMjs0bW/,2884905
https://www.instagram.com/p/CzJSYqLK5we/,2528327
https://www.instagram.com/p/CzbYfaCrWtX/,30481,15
https://www.instagram.com/p/Cwm8HfLvJcm/,25555,14
https://www.instagram.com/p/CyA0kTmgJcu/,4897,14
https://www.instagram.com/p/Czd5cEOv9oV/,64527,14
https://www.instagram.com/p/CyvjDBIPMjD/,3399,14
https://www.instagram.com/p/CzY3nTMPYEM/,23036,13
https://www.instagram.com/p/CywfXjThsnU/,1422,13
https://www.instagram.com/p/CzS2q1Fo4d8/,2711,13
https://www.instagram.com/p/Cxxqg6LLURT/,52440,13
https://www.instagram.com/p/CydFhUwtjIl/,8,9
https://www.instagram.com/p/Cxn8B3DxPYu/,7535598
https://www.instagram.com/p/CxX2KL2PIV4/,3896289
https://www.instagram.com/p/CxdcGV3OEK_/,3529205
https://www.instagram.com/p/CxdcGV3OEK_/,3529205
https://www.instagram.com/p/Cxe3cZNJno1/,3243652
https://www.instagram.com/p/Cxe3cZNJno1/,3243652
https://www.instagram.com/p/CytDURPIBM4/,2981500
https://www.instagram.com/p/CytDURPIBM4/,2981500
https://www.instagram.com/p/CypfOplxHZv/,2583868
https://www.instagram.com/p/CypfOplxHZv/,2583868
https://www.instagram.com/p/CzY00h6JOYJ/,4961,14
https://www.instagram.com/p/Cy8oP8_P7wV/,5033,14
https://www.instagram.com/p/CywtymXxNav/,21203,13
https://www.instagram.com/p/CysnBgovotI/,12330,9
https://www.instagram.com/p/CzEjX41xA0b/,103563,9
https://www.instagram.com/p/CwiSujNKjt3/,209655,9
https://www.instagram.com/p/CzDnUEFPsJS/,8567,8
https://www.instagram.com/p/CzRKGNdrOUX/,20826,2
https://www.instagram.com/p/CxiV49PLYoG/,77242,2
https://www.instagram.com/p/Cy56rL4SC7z/,64597,2
https://www.instagram.com/p/CxkXA9VB2vL/,3147368
https://www.instagram.com/p/CzRRe1st6DE/,3079452
https://www.instagram.com/p/CzZw6uDvg0a/,3004023
https://www.instagram.com/p/CzZw6uDvg0a/,3003843
https://www.instagram.com/p/CwIE41QpMoy/,2888230
https://www.instagram.com/p/CwIE41QpMoy/,2888230
https://www.instagram.com/p/Cy5l5CzJSFI/,2595229
https://www.instagram.com/p/Cy5l5CzJSFI/,2595206
https://www.instagram.com/p/CyI8omirFgE/,1755956
https://www.instagram.com/p/CyI8omirFgE/,1755956
https://www.instagram.com/p/CzfPtd0MbK9/,27487,129
https://www.instagram.com/p/Cze0Pu-tiAg/,56851,125
https://www.instagram.com/p/CzfcBmZr4d-/,31215,125
https://www.instagram.com/p/CzcWVMKNjFE/,42550,125
https://www.instagram.com/p/Czcq8Ndo2Oq/,23470,107
https://www.instagram.com/p/Cy-FS-DoCwD/,10764,6
https://www.instagram.com/p/CzJTqe9IgRt/,13775,6
https://www.instagram.com/p/CzOe-RhsOoG/,13507,6
https://www.instagram.com/p/CzTjdyIosFb/,2256,5
https://www.instagram.com/p/CzjBOaCJJOU/,158,5
https://www.instagram.com/p/CwNcFudA6KZ/,5122956
https://www.instagram.com/p/CwNcFudA6KZ/,5122947
https://www.instagram.com/p/CwQBHNQIo0k/,4763553
https://www.instagram.com/p/CwQBHNQIo0k/,4763553
https://www.instagram.com/p/Cw0NqC0r-A9/,4742589
https://www.instagram.com/p/Cw0NqC0r-A9/,4742589
https://www.instagram.com/p/Cw0NqC0r-A9/,4742582
https://www.instagram.com/p/CyWfQR8sFSd/,4582210
https://www.instagram.com/p/Cy_nfJVvc9X/,4522159
https://www.instagram.com/p/Cy_nfJVvc9X/,4522159
