Anh chị và các con,a
Chị và các con,a
Chị và con gái,a
Bà Thêm,a
Chị Hằng và gia đình,a
Chị Tuyết,a
Chị Nhủ,a
Bác Hằng,a
Em Trinh và gia đình,a
Em Minh,a
Em Hiên,a
Em Hà,a
Em Giang Thanh,a
Em Trà,a
Anh Tuấn và gia đình,a
Bạn Thạo và người thương,a
Bạn Nhung và người thương,a
Em Thiều Hiền,a
Các bạn trai xinh gái đẹp lớp 12A3:),a
Bạn Thanh và gia đình,a
Bạn Thương và gia đình,a
Bạn Hân,a
Bạn Cúc,a
Bé Anh,a
Bạn Quyền,a
Bạn Quân,a
Bạn Sen,a
Bạn Thủy,a
Bạn Bình,a
Bạn Mai,a
Bạn Nguyễn Hằng,a
Bạn Nguyệt,a
Bạn Hà,a
Bạn Uyên,a
Bạn Thảo,a
Bạn Thúy,a
Bạn Hường,a
Bạn Thúy Hằng,a
Bạn Thơm,a
Bạn Đông,a
Bạn Hà Thu,a
Bạn Thúy và gia đình,a
Bạn Kiên,a
Bạn Tấn,a
Bạn Vũ,a
Bạn Sơn,a
Bạn Mỹ Hạnh,a
Bạn Tạ Hạnh,a
Bạn Bùi Hạnh,a
Bạn Thu,a
Bạn Nhung và gia đình,a
Bạn Thanh Na,a
Bạn Nam,a
Bạn Như,a
Bạn Trinh,a
Bạn Thành,a
Bạn Xuân Chiến,a
Bạn Loan,a
Bạn Hường,a
Bạn Hà,a
Bạn Oanh,a
Bạn Nhung,a
Bạn Tươi,a
Bạn Hùng,a
Bạn Lương,a
Bạn Hữu Trang,a
Bạn Quỳnh,a
Bạn Thị và gia đình,a
Bạn Phấn và gia đình,a
Anh Kỳ,a
Anh Ba Vĩnh,a
Anh Luận,a
Anh Thao,a
Chị Thảo,a
Anh Hiếu,a
Em Hạ,a
Em Thịnh,a
Em Quyên,a
Em Hiện,a
Chị Hảo,a
Chị Thủy,a
Anh Hùng,a
Anh Thông,a
Bạn Hằng và gia đình,a
Bạn Huyền,a
Bạn Đình,a
Em Lãm,a
Em Lệ,a
Anh Toàn,a
Chị Liên và cháu,a
Anh Ba Dương,a
Anh chị em trong nhà mình:),a
Cô Nhã xinh,a
Cô Tân và gia đình,a
Anh Long,a
Chị Lương,a
Chị Trang,a
Chị Nhung,a
Bạn Thúy Vịt và gia đình,a
Bạn Kều và gia đình,a
Bạn Bếu và gia đình,a
Bạn Anh Mèo và gia đình,a
Bạn Ánh và gia đình,a
Bạn Ỉn và gia đình,a
Bạn Nhung và gia đình,a
Bạn Khuyên và gia đình,a
Gia đình em Định Huyền,a
Gia đình anh Thành Hằng,a
Em Đạt và gia đình,a
Gia đình anh Tuấn Trang,a
Bạn Tuyết và gia đình,a
Bạn Minh và gia đình,a
Bạn Tươi và gia đình,a
Em Linh Dung,a
Chị Hà,a
Chị Thủy,a
Chị Thoa,a
Chị Yến,a
Anh Thông,a
Anh Huy,a
Anh Tiệp,a
Em Phúc,a
Em Hoa,a
Em Thuần,a
Em Đại,a
Em Thu xinh,a
Cô Hương,a
Em Nguyên,a
Bạn Chin,a
Em Thế Anh,a
Em Hiển,a
Em Hằng,a
Cô Thu,a
Chị Mai,a
Bạn Lan Anh,a
Em Tuệ Tuệ,a
Em Sơn Tùng,a
Em Đức,a
