SKU,Name1,Name2
ST20231107_151242,JUST RUN,YOUR OWN RACE
ST20231107_151243,PAPER SNOW,A GHOST
ST20231107_151244,THIS COULD HAVE,BEEN AN EMAIL
ST20231107_151245,LIFE IS,LIKE A CAMERA
ST20231107_151246,NO FRIENDS,BUT THE MOUNTAINS
ST20231107_151247,WE ARE,THE RESISTANCE
ST20231107_151248,BUT,"FIRST, COFFEE"
ST20231107_151249,"PLEASE, WATCH",YOUR STEP
ST20231107_151250,NO CRYING,TODAY!
ST20231107_151251,WE LOVE RAINY,"DAYS, DON'T WE BABY?"
ST20231107_151252,"THANKS, IT'S",THE TRAUMA
ST20231107_151253,LIFE IS TOUGH,BUT SO ARE YOU
ST20231107_151254,STAY HUMBLE,HUSTLE HARD
ST20231107_151255,HIDE FROM THE,HEAVENS WITH ME
ST20231107_151256,DONE IS BETTER,THAN PERFECT
ST20231107_151257,THE WORLD,IS BIG
ST20231107_151258,I CAUSE,SAFETY BRIEFS
ST20231107_151259,LACK,OF PLANNING
ST20231107_151300,THIS TOO,SHALL PASS
ST20231107_151301,GET COMFORTABLE,BEING UNCOMFORTABLE
ST20231107_151302,I MET A LOT,OF INSUFFERABLE PEOPLE
ST20231107_151303,OUR DAY,WILL COME
ST20231107_151304,GET YOUR,SHIT TOGETHER
ST20231107_151305,I HAVE NO,IDEA WHAT I'M DOING
ST20231107_151306,I'M THE,OLDEST CHILD
ST20231107_151307,I USED,TO BE COOL
ST20231107_151308,OUR WORLD IS,WORTH FIGHTING FOR
ST20231107_151309,YOU MAY SAY,I'M A DREAMER
ST20231107_151310,NOT MY CIRCUS,NOT MY MONKEYS
ST20231107_151311,LAST WORDS OF,A SHOOTING STAR
ST20231107_151312,DANGEROUSLY,OVEREDUCATED
ST20231107_151313,MAKE IT,WORK MOMENT
ST20231107_151314,THE SCARIEST,MOMENT
ST20231107_151315,THIS TOO,SHALL PASS
ST20231107_151316,A DREAM IS A,WISH YOUR HEART MAKES
ST20231107_151317,IT IS,WHAT IT IS.
ST20231107_151318,HERE COMES,THE SUN
ST20231107_151319,MAKE,HEAVEN CROWDED
ST20231107_151320,NO MONEY,NO PROSPECTS
ST20231107_151321,WE DON'T NEED,NO STINKING BADGES
ST20231107_151322,THINK HAPPY.,BE HAPPY.
ST20231107_151323,"COOL COOL COOL,",NO DOUBT NO DOUBT
ST20231107_151324,MOM I AM,A RICH MAN
ST20231107_151325,DON'T YOU PUT,THAT EVIL ON ME
ST20231107_151326,FIND WHAT YOU LOVE,LET IT KILL YOU
ST20231107_151327,KEEP CALM,AND MAKE ART
ST20231107_151328,ONLY ACT LIKE,I KNOW EVERYTHING
ST20231107_151329,TAKE ME,TO CHURCH
ST20231107_151330,GAVE ME COOKIE,GOT YOU COOKIE
ST20231107_151331,LET GOD,TRANSFORM YOU
ST20231107_151332,I CAN'T,I HAVE ULTIMATE
ST20231107_151333,SHIT COULD,BE WORSE
ST20231107_151334,HONEY WHAT,IS THIS?
ST20231107_151335,"BACK OFF, MAN.",I'M A SCIENTIST.
ST20231107_151336,PICK ME CHOOSE,ME LOVE ME.
ST20231107_151337,DANCERS TURN,OUT BETTER
ST20231107_151338,AMERICAN,HEARTBREAK
ST20231107_151339,BE STILL AND KNOW,THAT I AM GOD.
ST20231107_151340,UNDERSTOOD,THAT REFERENCE
ST20231107_151341,EVERYTHING,OKAY? NOPE
ST20231107_151342,SOUNDS LIKE,A YOU PROBLEM
ST20231107_151343,WHEN IN DOUBT,DANCE IT OUT
ST20231107_151344,THE BEACH IS,MY HAPPY PLACE
ST20231107_151346,SAY PERHAPS,TO DRUGS
ST20231107_151347,I'D RATHER BE,MAKING SAW DUST
ST20231107_151348,YOU ARE BRAVER,THAN YOU BELIEVE
ST20231107_151349,I AM A,CHILD OF GOD
ST20231107_151350,EVEN DARKNESS,MUST PASS
ST20231107_151351,LEARN,SOMETHING TODAY
ST20231107_151352,"LIVE TOGETHER,",DIE ALONE
ST20231107_151353,EXERCISE MAKES,ME HAPPY
