https://www.instagram.com/p/Cze0Pu-tiAg/,44981
https://www.instagram.com/p/Czc5DcnNIv3/,10
https://www.instagram.com/p/CzbxOWLJlXt/,6767
https://www.instagram.com/p/CzX0KiYvOjJ/,2402
https://www.instagram.com/p/CzIda6jy2Uc/,83570
https://www.instagram.com/p/Cy40u-aMT9C/,495214
https://www.instagram.com/p/CyYl4UvLxHM/,283459
https://www.instagram.com/p/CzcYx9yNUfO/,74540
https://www.instagram.com/p/CzT6lVhrV5B/,1315910
https://www.instagram.com/p/CyEDFFJvyI_/,4893
https://www.instagram.com/p/CzL8BUHO1sv/,766814
https://www.instagram.com/p/CxX9dybA7-m/,899097
https://www.instagram.com/p/CzDSCn7PIf4/,18203
https://www.instagram.com/p/Cx755EbPNDA/,26397
https://www.instagram.com/p/CyyMv0ZuDQJ/,86263
https://www.instagram.com/p/CzQvlEOv8pn/,614053
https://www.instagram.com/p/CzAW-f2hMMj/,84944
https://www.instagram.com/p/CxNVLiopbaP/,15662
https://www.instagram.com/p/CyPDODDMb60/,686611
