https://www.instagram.com/p/Czc5DcnNIv3/,0,0
https://www.instagram.com/p/CzbxOWLJlXt/,0,0
https://www.instagram.com/p/CzX0KiYvOjJ/,0,0
https://www.instagram.com/p/CzIda6jy2Uc/,0,0
https://www.instagram.com/p/Cy40u-aMT9C/,0,0
https://www.instagram.com/p/CyYl4UvLxHM/,0,0
https://www.instagram.com/p/CzcYx9yNUfO/,0,0
https://www.instagram.com/p/CzT6lVhrV5B/,0,0
https://www.instagram.com/p/CyEDFFJvyI_/,0,0
https://www.instagram.com/p/CzL8BUHO1sv/,0,0
https://www.instagram.com/p/CxykfI2gccY/,0
https://www.instagram.com/p/CyyafVXryh_/,0
https://www.instagram.com/p/CxfniuhI3Pi/,0
https://www.instagram.com/p/CxVKoyOMJKm/,0
https://www.instagram.com/p/CzHcZScvDF2/,0
https://www.instagram.com/p/CzGXwMDpTS_/,0
https://www.instagram.com/p/CwHSwTwP2AS/,0
https://www.instagram.com/p/CzTGBlhLe-b/,0
https://www.instagram.com/p/CzOMSN7u2q3/,0
https://www.instagram.com/p/CzQjMAGJnYZ/,0
https://www.instagram.com/p/CzcYx9yNUfO/,74540,0
https://www.instagram.com/p/CzX0KiYvOjJ/,2402,0
https://www.instagram.com/p/CyEDFFJvyI_/,4893,0
https://www.instagram.com/p/CzbxOWLJlXt/,6767,0
https://www.instagram.com/p/CxNVLiopbaP/,15662,0
https://www.instagram.com/p/CzDSCn7PIf4/,18203,0
https://www.instagram.com/p/Cx755EbPNDA/,26397,0
https://www.instagram.com/p/Cze0Pu-tiAg/,44981,0
https://www.instagram.com/p/CzIda6jy2Uc/,83570,0
https://www.instagram.com/p/CxX9dybA7-m/,899097,0
https://www.instagram.com/p/CxX9dybA7-m/,899097
https://www.instagram.com/p/CzL8BUHO1sv/,766814
https://www.instagram.com/p/CyPDODDMb60/,686611
https://www.instagram.com/p/CzQvlEOv8pn/,614053
https://www.instagram.com/p/Cy40u-aMT9C/,495214
https://www.instagram.com/p/CyYl4UvLxHM/,283459
https://www.instagram.com/p/CyyMv0ZuDQJ/,86263
https://www.instagram.com/p/CzAW-f2hMMj/,84944
https://www.instagram.com/p/CzIda6jy2Uc/,83570
https://www.instagram.com/p/CzcYx9yNUfO/,74540
