https://www.instagram.com/p/Cze0Pu-tiAg/,44981,2023-11-12 11:21:14.251124
https://www.instagram.com/p/Czc5DcnNIv3/,10,2023-11-12 11:21:14.251124
https://www.instagram.com/p/CzbxOWLJlXt/,6767,2023-11-12 11:21:14.251124
https://www.instagram.com/p/CzX0KiYvOjJ/,2402,2023-11-12 11:21:14.251124
https://www.instagram.com/p/CzIda6jy2Uc/,83570,2023-11-12 11:21:14.251124
https://www.instagram.com/p/Cy40u-aMT9C/,495214,2023-11-12 11:21:14.251124
https://www.instagram.com/p/CyYl4UvLxHM/,283459,2023-11-12 11:21:14.251124
https://www.instagram.com/p/CzcYx9yNUfO/,74540,2023-11-12 11:21:14.251124
https://www.instagram.com/p/CzT6lVhrV5B/,1315910,2023-11-12 11:21:14.251124
https://www.instagram.com/p/CyEDFFJvyI_/,4893,2023-11-12 11:21:14.251124
https://www.instagram.com/p/CzL8BUHO1sv/,766814,2023-11-12 11:21:14.251124
https://www.instagram.com/p/CxX9dybA7-m/,899097,2023-11-12 11:21:14.251124
https://www.instagram.com/p/CzDSCn7PIf4/,18203,2023-11-12 11:21:14.251124
https://www.instagram.com/p/Cx755EbPNDA/,26397,2023-11-12 11:21:14.251124
https://www.instagram.com/p/CyyMv0ZuDQJ/,86263,2023-11-12 11:21:14.251124
https://www.instagram.com/p/CzQvlEOv8pn/,614053,2023-11-12 11:21:14.251124
https://www.instagram.com/p/CzAW-f2hMMj/,84944,2023-11-12 11:21:14.251124
https://www.instagram.com/p/CxNVLiopbaP/,15662,2023-11-12 11:21:14.251124
https://www.instagram.com/p/CyPDODDMb60/,686611,2023-11-12 11:21:14.251124
